<?xml version = '1.0' encoding = 'UTF-8'?>
<Diagram class="oracle.dbtools.crest.swingui.logical.DPVLogical" name="Logical" id="EBA22441-5ABA-12C8-2ECE-F7E087AF25EA">
<createdBy>priyagurnani</createdBy>
<modifiedBy>priyagurnani</modifiedBy>
<createdTime>2015-11-12 17:15:33 UTC</createdTime>
<autoRoute>false</autoRoute>
<boxInbox>true</boxInbox>
<showLegend>false</showLegend>
<showLabels>true</showLabels>
<showRelAttributes>false</showRelAttributes>
<gridEnabled>true</gridEnabled>
<showGrid>true</showGrid>
<diagramColor>-1</diagramColor>
<display>false</display>
<notation>1</notation>
<objectViews>
<OView class="oracle.dbtools.crest.swingui.logical.TVEntity" oid="51CE9C1B-E8B9-47F1-C525-21DA8DA5E22B" otype="Entity" vid="7E4B56A8-0A26-451D-1F40-184478F2616E">
<hideElementsInCurrentOnly>false</hideElementsInCurrentOnly>
<bounds x="910" y="400" width="170" height="79"/>
</OView>
<OView class="oracle.dbtools.crest.swingui.logical.TVEntity" oid="52F4DE0A-257B-33BF-BADB-728838CA159D" otype="Entity" vid="F802F1C6-0ACB-E1A9-7813-6FBE6CD0555D">
<hideElementsInCurrentOnly>false</hideElementsInCurrentOnly>
<bounds x="60" y="450" width="201" height="110"/>
</OView>
<OView class="oracle.dbtools.crest.swingui.logical.TVEntity" oid="57461385-3A98-6FDB-AE61-DCDB6152B53C" otype="Entity" vid="4062CDD9-D97B-C987-2C8D-1EC3D5E48DF8">
<hideElementsInCurrentOnly>false</hideElementsInCurrentOnly>
<bounds x="450" y="0" width="181" height="111"/>
</OView>
<OView class="oracle.dbtools.crest.swingui.logical.TVEntity" oid="58644222-14DA-FAA9-0198-4C30723B9185" otype="Entity" vid="2F532D3C-6F78-DEE7-CB72-7C7759C383AD">
<hideElementsInCurrentOnly>false</hideElementsInCurrentOnly>
<bounds x="460" y="230" width="142" height="211"/>
</OView>
<OView class="oracle.dbtools.crest.swingui.logical.TVEntity" oid="71E780DF-17B0-1C3A-F56C-542F39B5A7C2" otype="Entity" vid="11ED6916-0B19-D924-ADAD-DB42300BA893">
<hideElementsInCurrentOnly>false</hideElementsInCurrentOnly>
<bounds x="50" y="20" width="167" height="141"/>
</OView>
<OView class="oracle.dbtools.crest.swingui.logical.TVEntity" oid="779E4EE7-31FA-7EC0-0EE6-821B66D8613C" otype="Entity" vid="0B52D1EC-32D7-2EBC-6979-EC4878C2AAF6">
<hideElementsInCurrentOnly>false</hideElementsInCurrentOnly>
<bounds x="550" y="470" width="170" height="71"/>
</OView>
<OView class="oracle.dbtools.crest.swingui.logical.TVEntity" oid="93DC5DFF-1EE7-451C-B52C-50AC39383D84" otype="Entity" vid="E590FDA3-663B-E0E0-E7EA-06E7B9D7A45D">
<hideElementsInCurrentOnly>false</hideElementsInCurrentOnly>
<bounds x="920" y="100" width="161" height="181"/>
</OView>
<OView class="oracle.dbtools.crest.swingui.logical.TVEntity" oid="BE3824CA-66B8-9276-D8B5-5C3AEF0035DC" otype="Entity" vid="A262BA11-19A4-AEFD-9FEB-308474B388A5">
<hideElementsInCurrentOnly>false</hideElementsInCurrentOnly>
<bounds x="710" y="150" width="100" height="61"/>
</OView>
</objectViews>
<connectors>
<Connector class="oracle.dbtools.crest.swingui.logical.TVRelation" oid="07450B3F-E661-B156-BC48-8F972EC0F959" otype="Relation" vid_source="E590FDA3-663B-E0E0-E7EA-06E7B9D7A45D" vid_target="11ED6916-0B19-D924-ADAD-DB42300BA893">
<hideElementsInCurrentOnly>false</hideElementsInCurrentOnly>
<lineWidth>1</lineWidth>
<sourceLabel class="oracle.dbtools.crest.model.design.Label">
<site>0</site>
<labelBounds x="740" y="110" width="38" height="44"/>
<fonts itemClass="oracle.dbtools.crest.model.design.FontObjectWr">
<FontObject>
<foType>Texto</foType>
<colorRGB>-16777216</colorRGB>
</FontObject>
</fonts>
</sourceLabel>
<points>
<point x="920" y="130"/>
<point x="217" y="130"/>
</points>
</Connector>
<Connector class="oracle.dbtools.crest.swingui.logical.TVRelation" oid="0A8F413D-2C34-E601-C716-2F42D4AB522D" otype="Relation" vid_source="7E4B56A8-0A26-451D-1F40-184478F2616E" vid_target="E590FDA3-663B-E0E0-E7EA-06E7B9D7A45D">
<hideElementsInCurrentOnly>false</hideElementsInCurrentOnly>
<lineWidth>1</lineWidth>
<sourceLabel class="oracle.dbtools.crest.model.design.Label">
<site>0</site>
<labelBounds x="1003" y="370" width="119" height="19"/>
<fonts itemClass="oracle.dbtools.crest.model.design.FontObjectWr">
<FontObject>
<foType>Texto</foType>
<colorRGB>-16777216</colorRGB>
</FontObject>
</fonts>
</sourceLabel>
<points>
<point x="1000" y="400"/>
<point x="1000" y="281"/>
</points>
</Connector>
<Connector class="oracle.dbtools.crest.swingui.logical.TVRelation" oid="29069B5F-D38E-EC9C-0883-E35A18D5EDBC" otype="Relation" vid_source="4062CDD9-D97B-C987-2C8D-1EC3D5E48DF8" vid_target="11ED6916-0B19-D924-ADAD-DB42300BA893">
<hideElementsInCurrentOnly>false</hideElementsInCurrentOnly>
<lineWidth>1</lineWidth>
<sourceLabel class="oracle.dbtools.crest.model.design.Label">
<site>0</site>
<labelBounds x="416" y="52" width="41" height="31"/>
<fonts itemClass="oracle.dbtools.crest.model.design.FontObjectWr">
<FontObject>
<foType>Texto</foType>
<colorRGB>-16777216</colorRGB>
</FontObject>
</fonts>
</sourceLabel>
<points>
<point x="450" y="49"/>
<point x="360" y="49"/>
<point x="217" y="49"/>
</points>
</Connector>
<Connector class="oracle.dbtools.crest.swingui.logical.TVRelation" oid="4A8C3D47-61DC-DBFC-1433-2313D71B2A37" otype="Relation" vid_source="F802F1C6-0ACB-E1A9-7813-6FBE6CD0555D" vid_target="0B52D1EC-32D7-2EBC-6979-EC4878C2AAF6">
<hideElementsInCurrentOnly>false</hideElementsInCurrentOnly>
<lineWidth>1</lineWidth>
<sourceLabel class="oracle.dbtools.crest.model.design.Label">
<site>0</site>
<labelBounds x="350" y="480" width="81" height="50"/>
<fonts itemClass="oracle.dbtools.crest.model.design.FontObjectWr">
<FontObject>
<foType>Texto</foType>
<colorRGB>-16777216</colorRGB>
</FontObject>
</fonts>
</sourceLabel>
<points>
<point x="261" y="505"/>
<point x="550" y="505"/>
</points>
</Connector>
<Connector class="oracle.dbtools.crest.swingui.logical.TVRelation" oid="5460D170-2DEC-25E2-B560-48EC4BA6FABE" otype="Relation" vid_source="2F532D3C-6F78-DEE7-CB72-7C7759C383AD" vid_target="A262BA11-19A4-AEFD-9FEB-308474B388A5">
<hideElementsInCurrentOnly>false</hideElementsInCurrentOnly>
<lineWidth>1</lineWidth>
<sourceLabel class="oracle.dbtools.crest.model.design.Label">
<site>0</site>
<labelBounds x="540" y="160" width="94" height="117"/>
<fonts itemClass="oracle.dbtools.crest.model.design.FontObjectWr">
<FontObject>
<foType>Texto</foType>
<colorRGB>-16777216</colorRGB>
</FontObject>
</fonts>
</sourceLabel>
<points>
<point x="530" y="230"/>
<point x="530" y="180"/>
<point x="710" y="180"/>
</points>
</Connector>
<Connector class="oracle.dbtools.crest.swingui.logical.TVRelation" oid="84BDCB55-90FE-B51F-2F07-F3C4798CDC00" otype="Relation" vid_source="11ED6916-0B19-D924-ADAD-DB42300BA893" vid_target="2F532D3C-6F78-DEE7-CB72-7C7759C383AD">
<hideElementsInCurrentOnly>false</hideElementsInCurrentOnly>
<lineWidth>1</lineWidth>
<points>
<point x="130" y="161"/>
<point x="130" y="280"/>
<point x="460" y="280"/>
</points>
</Connector>
<Connector class="oracle.dbtools.crest.swingui.logical.TVRelation" oid="95E645A6-761C-4A6F-5896-315AECECD737" otype="Relation" vid_source="E590FDA3-663B-E0E0-E7EA-06E7B9D7A45D" vid_target="A262BA11-19A4-AEFD-9FEB-308474B388A5">
<hideElementsInCurrentOnly>false</hideElementsInCurrentOnly>
<lineWidth>1</lineWidth>
<sourceLabel class="oracle.dbtools.crest.model.design.Label">
<site>0</site>
<labelBounds x="850" y="160" width="61" height="41"/>
<fonts itemClass="oracle.dbtools.crest.model.design.FontObjectWr">
<FontObject>
<foType>Texto</foType>
<colorRGB>-16777216</colorRGB>
</FontObject>
</fonts>
</sourceLabel>
<points>
<point x="920" y="180"/>
<point x="810" y="180"/>
</points>
</Connector>
<Connector class="oracle.dbtools.crest.swingui.logical.TVRelation" oid="AEC37E20-441E-D3C9-3F57-9C2A2DD96124" otype="Relation" vid_source="11ED6916-0B19-D924-ADAD-DB42300BA893" vid_target="11ED6916-0B19-D924-ADAD-DB42300BA893">
<hideElementsInCurrentOnly>false</hideElementsInCurrentOnly>
<lineWidth>1</lineWidth>
<sourceLabel class="oracle.dbtools.crest.model.design.Label">
<site>0</site>
<labelBounds x="40" y="210" width="96" height="21"/>
<fonts itemClass="oracle.dbtools.crest.model.design.FontObjectWr">
<FontObject>
<foType>Texto</foType>
<colorRGB>-16777216</colorRGB>
</FontObject>
</fonts>
</sourceLabel>
<points>
<point x="50" y="50"/>
<point x="20" y="50"/>
<point x="20" y="200"/>
<point x="100" y="200"/>
<point x="100" y="161"/>
</points>
</Connector>
<Connector class="oracle.dbtools.crest.swingui.logical.TVRelation" oid="B3156FC2-469D-D2DD-8A2D-3EF491E18A6D" otype="Relation" vid_source="E590FDA3-663B-E0E0-E7EA-06E7B9D7A45D" vid_target="2F532D3C-6F78-DEE7-CB72-7C7759C383AD">
<hideElementsInCurrentOnly>false</hideElementsInCurrentOnly>
<lineWidth>1</lineWidth>
<sourceLabel class="oracle.dbtools.crest.model.design.Label">
<site>0</site>
<labelBounds x="840" y="310" width="61" height="21"/>
<fonts itemClass="oracle.dbtools.crest.model.design.FontObjectWr">
<FontObject>
<foType>Texto</foType>
<colorRGB>-16777216</colorRGB>
</FontObject>
</fonts>
</sourceLabel>
<points>
<point x="960" y="281"/>
<point x="960" y="330"/>
<point x="602" y="330"/>
</points>
</Connector>
<Connector class="oracle.dbtools.crest.swingui.logical.TVRelation" oid="F1BF7266-C6D7-B519-5075-E3CA521F14C5" otype="Relation" vid_source="2F532D3C-6F78-DEE7-CB72-7C7759C383AD" vid_target="F802F1C6-0ACB-E1A9-7813-6FBE6CD0555D">
<hideElementsInCurrentOnly>false</hideElementsInCurrentOnly>
<lineWidth>1</lineWidth>
<sourceLabel class="oracle.dbtools.crest.model.design.Label">
<site>0</site>
<labelBounds x="330" y="320" width="204" height="74"/>
<fonts itemClass="oracle.dbtools.crest.model.design.FontObjectWr">
<FontObject>
<foType>Texto</foType>
<colorRGB>-16777216</colorRGB>
</FontObject>
</fonts>
</sourceLabel>
<points>
<point x="460" y="340"/>
<point x="160" y="340"/>
<point x="160" y="450"/>
</points>
</Connector>
</connectors>
</Diagram>