<?xml version = '1.0' encoding = 'UTF-8'?>
<Table class="oracle.dbtools.crest.model.design.relational.Table" directorySegmentName="seg_0" id="1430F744-92FF-46E8-1055-69A04F24D48C" name="VISITAS">
<createdBy>Lupi</createdBy>
<createdTime>2016-04-12 15:58:51 UTC</createdTime>
<generatorID>BE3824CA-66B8-9276-D8B5-5C3AEF0035DC</generatorID>
<ownerDesignName>EMASA</ownerDesignName>
<allowColumnReorder>false</allowColumnReorder>
<existDependencyGenerateInDDl>true</existDependencyGenerateInDDl>
<parsed>true</parsed>
<columns itemClass="oracle.dbtools.crest.model.design.relational.Column">
<Column name="Fecha_visita" id="811426C8-7CD9-C002-A61D-28CD9BE08B79">
<createdBy>Lupi</createdBy>
<createdTime>2016-04-12 15:58:51 UTC</createdTime>
<generatorID>A1D8D594-3F04-579D-820F-28258661E18E</generatorID>
<ownerDesignName>EMASA</ownerDesignName>
<useDomainConstraints>false</useDomainConstraints>
<use>1</use>
<logicalDatatype>LOGDT007</logicalDatatype>
<ownDataTypeParameters>,,</ownDataTypeParameters>
<autoIncrementCycle>false</autoIncrementCycle>
</Column>
<Column name="Id_empleado" id="8C48B12E-E3AA-C6F9-EC79-CB14400D6220">
<createdBy>Lupi</createdBy>
<createdTime>2016-04-12 15:58:51 UTC</createdTime>
<generatorID>EB74655C-1DF8-EB93-325D-C83DB19073EC</generatorID>
<ownerDesignName>EMASA</ownerDesignName>
<useDomainConstraints>false</useDomainConstraints>
<use>1</use>
<logicalDatatype>LOGDT019</logicalDatatype>
<ownDataTypeParameters>,,</ownDataTypeParameters>
<previousColumn>false</previousColumn>
<autoIncrementCycle>false</autoIncrementCycle>
<associations>
<colAssociation fkAssociation="ED342399-F1C1-44BF-239B-E93E2DC809BD" referredColumn="A7A7F0C7-496E-8905-212A-B07419183A3C"/>
</associations>
</Column>
<Column name="Id_aviso" id="BC93FAA2-C2DD-35D4-7651-9B11808B4EFB">
<createdBy>Lupi</createdBy>
<createdTime>2016-04-12 15:58:51 UTC</createdTime>
<generatorID>DC3DC237-24A0-A350-B2A1-A858C0E0C976</generatorID>
<ownerDesignName>EMASA</ownerDesignName>
<useDomainConstraints>false</useDomainConstraints>
<use>1</use>
<logicalDatatype>LOGDT019</logicalDatatype>
<ownDataTypeParameters>,,</ownDataTypeParameters>
<previousColumn>false</previousColumn>
<autoIncrementCycle>false</autoIncrementCycle>
<associations>
<colAssociation fkAssociation="6D7CF800-5891-3694-D368-2D3485AD052A" referredColumn="942DC43E-649F-47B7-C1A3-F49038B8B354"/>
</associations>
</Column>
<Column name="Fecha_actualizacion" id="B7C4BDCC-717A-6753-B15A-3104D9589BFD">
<createdBy>Lupi</createdBy>
<createdTime>2016-04-12 15:58:51 UTC</createdTime>
<generatorID>0F56B90D-CB43-EF8A-76EA-0A06955D9708</generatorID>
<ownerDesignName>EMASA</ownerDesignName>
<useDomainConstraints>false</useDomainConstraints>
<use>1</use>
<logicalDatatype>LOGDT007</logicalDatatype>
<ownDataTypeParameters>,,</ownDataTypeParameters>
<previousColumn>false</previousColumn>
<autoIncrementCycle>false</autoIncrementCycle>
<associations>
<colAssociation fkAssociation="6D7CF800-5891-3694-D368-2D3485AD052A" referredColumn="BFD5268A-1426-C7F9-03E2-13BCBB1BAE65"/>
</associations>
</Column>
<Column name="Supervisor" id="1458561E-B18D-219B-6BA5-D4D79B22C650">
<createdBy>Lupi</createdBy>
<createdTime>2016-04-12 15:58:51 UTC</createdTime>
<generatorID>B52E0BAE-75A3-7D82-BC27-5F4C6C7C25A7</generatorID>
<ownerDesignName>EMASA</ownerDesignName>
<useDomainConstraints>false</useDomainConstraints>
<use>1</use>
<logicalDatatype>LOGDT019</logicalDatatype>
<ownDataTypeParameters>,,</ownDataTypeParameters>
<previousColumn>false</previousColumn>
<autoIncrementCycle>false</autoIncrementCycle>
<associations>
<colAssociation fkAssociation="6D7CF800-5891-3694-D368-2D3485AD052A" referredColumn="62BEB9F0-7588-7D6B-B366-5D1ED1E4D71C"/>
</associations>
</Column>
</columns>
<indexes itemClass="oracle.dbtools.crest.model.design.relational.Index">
<ind_PK_UK id="0CC8EC3E-DFF8-B207-BE07-B2CEACE16BCE" name="VISITAS_PK">
<createdBy>Lupi</createdBy>
<createdTime>2016-04-12 15:58:51 UTC</createdTime>
<generatorID>65CF804D-3406-2FA2-27C4-94C7DFC56AF3</generatorID>
<ownerDesignName>EMASA</ownerDesignName>
<pk>true</pk>
<indexState>Primary Constraint</indexState>
<isSurrogateKey>false</isSurrogateKey>
<indexColumnUsage>
<colUsage columnID="811426C8-7CD9-C002-A61D-28CD9BE08B79"/>
</indexColumnUsage>
</ind_PK_UK>
<ind_PK_UK id="A1E5899D-879A-71AE-2846-EB8DBC8F99BA" name="VISITAS__IDX">
<createdBy>Lupi</createdBy>
<createdTime>2016-04-12 15:58:51 UTC</createdTime>
<ownerDesignName>EMASA</ownerDesignName>
<indexState>Unique Plain Index</indexState>
<isSurrogateKey>false</isSurrogateKey>
<relationGeneratorID>5460D170-2DEC-25E2-B560-48EC4BA6FABE</relationGeneratorID>
<indexColumnUsage>
<colUsage columnID="BC93FAA2-C2DD-35D4-7651-9B11808B4EFB"/>
<colUsage columnID="B7C4BDCC-717A-6753-B15A-3104D9589BFD"/>
<colUsage columnID="1458561E-B18D-219B-6BA5-D4D79B22C650"/>
</indexColumnUsage>
</ind_PK_UK>
<ind_PK_UK id="9CEC54D3-FA7B-745F-548C-3B5CF943C22B" name="VISITAS_EMPLEADO_FK">
<createdBy>Lupi</createdBy>
<createdTime>2016-04-12 15:58:51 UTC</createdTime>
<generatorID>95E645A6-761C-4A6F-5896-315AECECD737</generatorID>
<ownerDesignName>EMASA</ownerDesignName>
<indexState>Foreign Key</indexState>
<isSurrogateKey>false</isSurrogateKey>
<indexColumnUsage>
<colUsage columnID="8C48B12E-E3AA-C6F9-EC79-CB14400D6220"/>
</indexColumnUsage>
</ind_PK_UK>
<ind_PK_UK id="2E9AD067-1999-EFFD-0A7E-46BBA274FA5F" name="VISITAS_HISTORICO_FK">
<createdBy>Lupi</createdBy>
<createdTime>2016-04-12 15:58:51 UTC</createdTime>
<generatorID>5460D170-2DEC-25E2-B560-48EC4BA6FABE</generatorID>
<ownerDesignName>EMASA</ownerDesignName>
<indexState>Foreign Key</indexState>
<isSurrogateKey>false</isSurrogateKey>
<indexColumnUsage>
<colUsage columnID="BC93FAA2-C2DD-35D4-7651-9B11808B4EFB"/>
<colUsage columnID="B7C4BDCC-717A-6753-B15A-3104D9589BFD"/>
<colUsage columnID="1458561E-B18D-219B-6BA5-D4D79B22C650"/>
</indexColumnUsage>
</ind_PK_UK>
</indexes>
</Table>