<?xml version = '1.0' encoding = 'UTF-8'?>
<Table class="oracle.dbtools.crest.model.design.relational.Table" directorySegmentName="seg_0" id="3F207CE6-2E0A-412F-2AF6-2107ED2D8402" name="EMPLEADO">
<createdBy>Lupi</createdBy>
<createdTime>2016-04-12 15:58:51 UTC</createdTime>
<generatorID>93DC5DFF-1EE7-451C-B52C-50AC39383D84</generatorID>
<ownerDesignName>EMASA</ownerDesignName>
<allowColumnReorder>false</allowColumnReorder>
<existDependencyGenerateInDDl>true</existDependencyGenerateInDDl>
<parsed>true</parsed>
<columns itemClass="oracle.dbtools.crest.model.design.relational.Column">
<Column name="Id_empleado" id="A7A7F0C7-496E-8905-212A-B07419183A3C">
<createdBy>Lupi</createdBy>
<createdTime>2016-04-12 15:58:51 UTC</createdTime>
<generatorID>E1716D13-3716-01E2-7FB2-E8AE3064FB25</generatorID>
<ownerDesignName>EMASA</ownerDesignName>
<useDomainConstraints>false</useDomainConstraints>
<use>1</use>
<logicalDatatype>LOGDT019</logicalDatatype>
<ownDataTypeParameters>,,</ownDataTypeParameters>
<autoIncrementCycle>false</autoIncrementCycle>
</Column>
<Column name="Nombre" id="B5962F3D-4CFC-3DB7-355B-EE144BEEA36E">
<createdBy>Lupi</createdBy>
<createdTime>2016-04-12 15:58:51 UTC</createdTime>
<generatorID>FCD9CE40-8BB2-C83B-594C-FE66B88A604B</generatorID>
<ownerDesignName>EMASA</ownerDesignName>
<useDomainConstraints>false</useDomainConstraints>
<use>1</use>
<logicalDatatype>LOGDT024</logicalDatatype>
<dataTypeSize>15</dataTypeSize>
<ownDataTypeParameters>15,,</ownDataTypeParameters>
<autoIncrementCycle>false</autoIncrementCycle>
</Column>
<Column name="Apellidos" id="72690882-46A4-84F4-759F-97D46130A7B2">
<createdBy>Lupi</createdBy>
<createdTime>2016-04-12 15:58:51 UTC</createdTime>
<generatorID>B7A88457-7835-D34B-CD47-65DC47FBA7FB</generatorID>
<ownerDesignName>EMASA</ownerDesignName>
<useDomainConstraints>false</useDomainConstraints>
<use>1</use>
<logicalDatatype>LOGDT024</logicalDatatype>
<dataTypeSize>30</dataTypeSize>
<ownDataTypeParameters>30,,</ownDataTypeParameters>
<autoIncrementCycle>false</autoIncrementCycle>
</Column>
<Column name="DNI" id="D99F223C-4D9A-D24B-5A50-B717A61C07AF">
<createdBy>Lupi</createdBy>
<createdTime>2016-04-12 15:58:51 UTC</createdTime>
<generatorID>B8F03838-8CF1-0D3A-B8CE-8CADA34A11CA</generatorID>
<ownerDesignName>EMASA</ownerDesignName>
<useDomainConstraints>false</useDomainConstraints>
<use>1</use>
<logicalDatatype>LOGDT024</logicalDatatype>
<dataTypeSize>12</dataTypeSize>
<ownDataTypeParameters>12,,</ownDataTypeParameters>
<autoIncrementCycle>false</autoIncrementCycle>
</Column>
<Column name="E_mail" id="17A1C73F-3AF5-05D0-A070-C058F5C3E56D">
<createdBy>Lupi</createdBy>
<createdTime>2016-04-12 15:58:51 UTC</createdTime>
<generatorID>D604FE0F-8686-C553-97CF-876E09FD41D8</generatorID>
<ownerDesignName>EMASA</ownerDesignName>
<useDomainConstraints>false</useDomainConstraints>
<use>1</use>
<logicalDatatype>LOGDT024</logicalDatatype>
<dataTypeSize>20</dataTypeSize>
<ownDataTypeParameters>20,,</ownDataTypeParameters>
<autoIncrementCycle>false</autoIncrementCycle>
</Column>
<Column name="Password" id="A795176A-1028-083F-30DD-99F2AD530902">
<createdBy>Lupi</createdBy>
<createdTime>2016-04-12 15:58:51 UTC</createdTime>
<generatorID>9D6018E5-862F-9553-684F-875F5AFF8B8D</generatorID>
<ownerDesignName>EMASA</ownerDesignName>
<useDomainConstraints>false</useDomainConstraints>
<use>1</use>
<logicalDatatype>LOGDT024</logicalDatatype>
<dataTypeSize>6</dataTypeSize>
<ownDataTypeParameters>6,,</ownDataTypeParameters>
<autoIncrementCycle>false</autoIncrementCycle>
</Column>
<Column name="Departamento" id="3A92D948-B22A-86B1-63EA-B111D4D4F77A">
<createdBy>Lupi</createdBy>
<createdTime>2016-04-12 15:58:51 UTC</createdTime>
<generatorID>0D43A0DE-7955-D2A2-5900-122290F7458A</generatorID>
<ownerDesignName>EMASA</ownerDesignName>
<useDomainConstraints>false</useDomainConstraints>
<use>1</use>
<logicalDatatype>LOGDT024</logicalDatatype>
<dataTypeSize>40</dataTypeSize>
<ownDataTypeParameters>40,,</ownDataTypeParameters>
<autoIncrementCycle>false</autoIncrementCycle>
</Column>
<Column name="Cargo" id="0C63AAA1-1025-8A0F-E426-8EF50CC2818A">
<createdBy>Lupi</createdBy>
<createdTime>2016-04-12 15:58:51 UTC</createdTime>
<generatorID>9FD383DB-3F60-39E4-77D3-7AC8817A3DD4</generatorID>
<ownerDesignName>EMASA</ownerDesignName>
<useDomainConstraints>false</useDomainConstraints>
<use>1</use>
<logicalDatatype>LOGDT024</logicalDatatype>
<dataTypeSize>20</dataTypeSize>
<ownDataTypeParameters>20,,</ownDataTypeParameters>
<autoIncrementCycle>false</autoIncrementCycle>
</Column>
<Column name="Turno" id="2D1B8203-AC6E-F390-2A5C-FE5D6C08BF7F">
<createdBy>Lupi</createdBy>
<createdTime>2016-04-12 15:58:51 UTC</createdTime>
<generatorID>94A1D218-B1CD-5C7F-951E-EE6FA2BE0F0E</generatorID>
<ownerDesignName>EMASA</ownerDesignName>
<useDomainConstraints>false</useDomainConstraints>
<use>1</use>
<logicalDatatype>LOGDT019</logicalDatatype>
<ownDataTypeParameters>,,</ownDataTypeParameters>
<autoIncrementCycle>false</autoIncrementCycle>
</Column>
<Column name="Zona" id="20BF2D09-815B-D6C5-7760-661259A76052">
<createdBy>Lupi</createdBy>
<createdTime>2016-04-12 15:58:51 UTC</createdTime>
<generatorID>4890D771-39E2-9242-2EF3-7DB131474EF8</generatorID>
<ownerDesignName>EMASA</ownerDesignName>
<nullsAllowed>true</nullsAllowed>
<useDomainConstraints>false</useDomainConstraints>
<use>1</use>
<logicalDatatype>LOGDT024</logicalDatatype>
<dataTypeSize>20</dataTypeSize>
<ownDataTypeParameters>20,,</ownDataTypeParameters>
<autoIncrementCycle>false</autoIncrementCycle>
</Column>
<Column name="Especialidad" id="4C6B3CA8-B458-1AA5-5680-16C440EB7771">
<createdBy>Lupi</createdBy>
<createdTime>2016-04-12 15:58:51 UTC</createdTime>
<generatorID>31816DCE-B852-FBF7-2EB8-79B767C45035</generatorID>
<ownerDesignName>EMASA</ownerDesignName>
<nullsAllowed>true</nullsAllowed>
<useDomainConstraints>false</useDomainConstraints>
<use>1</use>
<logicalDatatype>LOGDT024</logicalDatatype>
<dataTypeSize>20</dataTypeSize>
<ownDataTypeParameters>20,,</ownDataTypeParameters>
<autoIncrementCycle>false</autoIncrementCycle>
</Column>
<Column name="Num_Brigada" id="28CA68DF-D11F-603B-76A2-AB8BF6C43A3F">
<createdBy>Lupi</createdBy>
<createdTime>2016-04-12 15:58:51 UTC</createdTime>
<generatorID>30EF6782-20CB-B7AF-61E9-E453C18E37E2</generatorID>
<ownerDesignName>EMASA</ownerDesignName>
<nullsAllowed>true</nullsAllowed>
<useDomainConstraints>false</useDomainConstraints>
<use>1</use>
<logicalDatatype>LOGDT019</logicalDatatype>
<ownDataTypeParameters>,,</ownDataTypeParameters>
<previousColumn>false</previousColumn>
<autoIncrementCycle>false</autoIncrementCycle>
<associations>
<colAssociation fkAssociation="09649405-F10B-7610-F46B-1EB542665794" referredColumn="8B047DC0-A226-63A9-3D74-6432BDC0EA43"/>
</associations>
</Column>
</columns>
<indexes itemClass="oracle.dbtools.crest.model.design.relational.Index">
<ind_PK_UK id="3A1B31A4-7342-26C7-25C9-B520F4AD5501" name="EMPLEADO_PK">
<createdBy>Lupi</createdBy>
<createdTime>2016-04-12 15:58:51 UTC</createdTime>
<generatorID>C6450DF3-7117-11C5-FB2F-38AEA39B06FD</generatorID>
<ownerDesignName>EMASA</ownerDesignName>
<pk>true</pk>
<indexState>Primary Constraint</indexState>
<isSurrogateKey>false</isSurrogateKey>
<indexColumnUsage>
<colUsage columnID="A7A7F0C7-496E-8905-212A-B07419183A3C"/>
</indexColumnUsage>
</ind_PK_UK>
<ind_PK_UK id="FE86A251-B445-16C4-27D3-F0A00A2C1F41" name="EMPLEADO_BRIGADA_FK">
<createdBy>Lupi</createdBy>
<createdTime>2016-04-12 15:58:51 UTC</createdTime>
<generatorID>0A8F413D-2C34-E601-C716-2F42D4AB522D</generatorID>
<ownerDesignName>EMASA</ownerDesignName>
<indexState>Foreign Key</indexState>
<isSurrogateKey>false</isSurrogateKey>
<indexColumnUsage>
<colUsage columnID="28CA68DF-D11F-603B-76A2-AB8BF6C43A3F"/>
</indexColumnUsage>
</ind_PK_UK>
</indexes>
</Table>