<?xml version = '1.0' encoding = 'UTF-8'?>
<Table class="oracle.dbtools.crest.model.design.relational.Table" directorySegmentName="seg_0" id="7EB6836F-7EBE-B1FA-3B45-901324D1C34C" name="ACTUACIONES">
<createdBy>Lupi</createdBy>
<createdTime>2016-04-12 15:58:51 UTC</createdTime>
<generatorID>779E4EE7-31FA-7EC0-0EE6-821B66D8613C</generatorID>
<ownerDesignName>EMASA</ownerDesignName>
<allowColumnReorder>false</allowColumnReorder>
<existDependencyGenerateInDDl>true</existDependencyGenerateInDDl>
<parsed>true</parsed>
<columns itemClass="oracle.dbtools.crest.model.design.relational.Column">
<Column name="Fecha_actuacion" id="B1EBBA4A-03F2-2E10-331C-A97D5A0B1515">
<createdBy>Lupi</createdBy>
<createdTime>2016-04-12 15:58:51 UTC</createdTime>
<generatorID>CFFA9A22-412A-9E73-EBA0-328FA53C6AC7</generatorID>
<ownerDesignName>EMASA</ownerDesignName>
<useDomainConstraints>false</useDomainConstraints>
<use>1</use>
<logicalDatatype>LOGDT007</logicalDatatype>
<ownDataTypeParameters>,,</ownDataTypeParameters>
<autoIncrementCycle>false</autoIncrementCycle>
</Column>
<Column name="Oper_realizadas" id="ABEAAC96-64F1-41EA-0295-81969F16D110">
<createdBy>Lupi</createdBy>
<createdTime>2016-04-12 15:58:51 UTC</createdTime>
<generatorID>D171E7E0-060B-876B-CE55-3141B45C6B17</generatorID>
<ownerDesignName>EMASA</ownerDesignName>
<useDomainConstraints>false</useDomainConstraints>
<use>1</use>
<logicalDatatype>LOGDT024</logicalDatatype>
<dataTypeSize>200</dataTypeSize>
<ownDataTypeParameters>200,,</ownDataTypeParameters>
<autoIncrementCycle>false</autoIncrementCycle>
</Column>
<Column name="Observaciones" id="2522203D-15C3-225D-CC76-F54DE09B245C">
<createdBy>Lupi</createdBy>
<createdTime>2016-04-12 15:58:51 UTC</createdTime>
<generatorID>B31F5853-44ED-57F3-FAC6-D599ACB0C5E3</generatorID>
<ownerDesignName>EMASA</ownerDesignName>
<nullsAllowed>true</nullsAllowed>
<useDomainConstraints>false</useDomainConstraints>
<use>1</use>
<logicalDatatype>LOGDT024</logicalDatatype>
<dataTypeSize>200</dataTypeSize>
<ownDataTypeParameters>200,,</ownDataTypeParameters>
<autoIncrementCycle>false</autoIncrementCycle>
</Column>
<Column name="Id_orden" id="C41828AF-9B50-539E-D71E-7A9CFC050E51">
<createdBy>Lupi</createdBy>
<createdTime>2016-04-12 15:58:51 UTC</createdTime>
<generatorID>AF34780D-6B32-7347-3230-6387A8C61AF5</generatorID>
<ownerDesignName>EMASA</ownerDesignName>
<useDomainConstraints>false</useDomainConstraints>
<use>1</use>
<logicalDatatype>LOGDT019</logicalDatatype>
<ownDataTypeParameters>,,</ownDataTypeParameters>
<previousColumn>false</previousColumn>
<autoIncrementCycle>false</autoIncrementCycle>
<associations>
<colAssociation fkAssociation="280F5392-71A6-13B6-DA5B-EF592446728A" referredColumn="223E8D47-F134-3C7E-BFE9-AE7135AA06C7"/>
</associations>
</Column>
</columns>
<indexes itemClass="oracle.dbtools.crest.model.design.relational.Index">
<ind_PK_UK id="B78D8948-8F4D-7CEE-CB47-E78C40796FE1" name="ACTUACIONES_PK">
<createdBy>Lupi</createdBy>
<createdTime>2016-04-12 15:58:51 UTC</createdTime>
<generatorID>E1B86003-20EE-DBC0-6903-3DACA676FFF4</generatorID>
<ownerDesignName>EMASA</ownerDesignName>
<pk>true</pk>
<indexState>Primary Constraint</indexState>
<isSurrogateKey>false</isSurrogateKey>
<indexColumnUsage>
<colUsage columnID="B1EBBA4A-03F2-2E10-331C-A97D5A0B1515"/>
<colUsage columnID="C41828AF-9B50-539E-D71E-7A9CFC050E51"/>
</indexColumnUsage>
</ind_PK_UK>
<ind_PK_UK id="E0D828B5-4A16-456B-EA30-6369F785795B" name="ACTUACIONES_ORD_TRABAJO_FK">
<createdBy>Lupi</createdBy>
<createdTime>2016-04-12 15:58:51 UTC</createdTime>
<generatorID>4A8C3D47-61DC-DBFC-1433-2313D71B2A37</generatorID>
<ownerDesignName>EMASA</ownerDesignName>
<indexState>Foreign Key</indexState>
<isSurrogateKey>false</isSurrogateKey>
<indexColumnUsage>
<colUsage columnID="C41828AF-9B50-539E-D71E-7A9CFC050E51"/>
</indexColumnUsage>
</ind_PK_UK>
</indexes>
</Table>