<?xml version = '1.0' encoding = 'UTF-8'?>
<Table class="oracle.dbtools.crest.model.design.relational.Table" directorySegmentName="seg_0" id="87C8E1F9-FEFF-925A-E477-9AE99D0A5258" name="ORD_TRABAJO">
<createdBy>Lupi</createdBy>
<createdTime>2016-04-12 15:58:51 UTC</createdTime>
<generatorID>52F4DE0A-257B-33BF-BADB-728838CA159D</generatorID>
<ownerDesignName>EMASA</ownerDesignName>
<allowColumnReorder>false</allowColumnReorder>
<existDependencyGenerateInDDl>true</existDependencyGenerateInDDl>
<parsed>true</parsed>
<columns itemClass="oracle.dbtools.crest.model.design.relational.Column">
<Column name="Id_orden" id="223E8D47-F134-3C7E-BFE9-AE7135AA06C7">
<createdBy>Lupi</createdBy>
<createdTime>2016-04-12 15:58:51 UTC</createdTime>
<generatorID>512A0C07-7B31-7271-28FA-4FEA9B0BD9E5</generatorID>
<ownerDesignName>EMASA</ownerDesignName>
<useDomainConstraints>false</useDomainConstraints>
<use>1</use>
<logicalDatatype>LOGDT019</logicalDatatype>
<ownDataTypeParameters>,,</ownDataTypeParameters>
<autoIncrementCycle>false</autoIncrementCycle>
</Column>
<Column name="Fecha_creacion" id="C391D608-C423-2943-21BC-3C1119A56E29">
<createdBy>Lupi</createdBy>
<createdTime>2016-04-12 15:58:51 UTC</createdTime>
<generatorID>6988B8A0-8E3C-EE29-B0B1-175FCA12FE57</generatorID>
<ownerDesignName>EMASA</ownerDesignName>
<useDomainConstraints>false</useDomainConstraints>
<use>1</use>
<logicalDatatype>LOGDT008</logicalDatatype>
<ownDataTypeParameters>,,</ownDataTypeParameters>
<autoIncrementCycle>false</autoIncrementCycle>
</Column>
<Column name="Trabajo_a_realizar" id="9C53071D-2054-6230-D59E-4A74362ED438">
<createdBy>Lupi</createdBy>
<createdTime>2016-04-12 15:58:51 UTC</createdTime>
<generatorID>691A6D83-CBCF-FF3A-42F6-BEC5CDFBC046</generatorID>
<ownerDesignName>EMASA</ownerDesignName>
<useDomainConstraints>false</useDomainConstraints>
<use>1</use>
<logicalDatatype>LOGDT024</logicalDatatype>
<dataTypeSize>200</dataTypeSize>
<ownDataTypeParameters>200,,</ownDataTypeParameters>
<autoIncrementCycle>false</autoIncrementCycle>
</Column>
<Column name="Num_Brigada" id="26455125-2349-3B27-765E-C9D6BDC19676">
<createdBy>Lupi</createdBy>
<createdTime>2016-04-12 15:58:51 UTC</createdTime>
<generatorID>C3D636F6-8FD9-E3C5-8F99-D665C01B3865</generatorID>
<ownerDesignName>EMASA</ownerDesignName>
<useDomainConstraints>false</useDomainConstraints>
<use>1</use>
<logicalDatatype>LOGDT019</logicalDatatype>
<ownDataTypeParameters>,,</ownDataTypeParameters>
<autoIncrementCycle>false</autoIncrementCycle>
</Column>
<Column name="Estado" id="E5305542-E40F-3917-4849-B4C257728086">
<createdBy>Lupi</createdBy>
<createdTime>2016-04-12 15:58:51 UTC</createdTime>
<generatorID>CD944E23-A0D2-3A04-3555-F9FBC0DFF850</generatorID>
<ownerDesignName>EMASA</ownerDesignName>
<useDomainConstraints>false</useDomainConstraints>
<use>1</use>
<logicalDatatype>LOGDT024</logicalDatatype>
<dataTypeSize>15</dataTypeSize>
<ownDataTypeParameters>15,,</ownDataTypeParameters>
<autoIncrementCycle>false</autoIncrementCycle>
</Column>
<Column name="Fecha_Finalizacion" id="BED29E89-29BB-F5EF-CDB3-4A7CB805C33A">
<createdBy>Lupi</createdBy>
<createdTime>2016-04-12 15:58:51 UTC</createdTime>
<generatorID>8FCFA724-918E-E470-0F5C-7876ABA62F9B</generatorID>
<ownerDesignName>EMASA</ownerDesignName>
<nullsAllowed>true</nullsAllowed>
<useDomainConstraints>false</useDomainConstraints>
<use>1</use>
<logicalDatatype>LOGDT007</logicalDatatype>
<ownDataTypeParameters>,,</ownDataTypeParameters>
<autoIncrementCycle>false</autoIncrementCycle>
</Column>
<Column name="Id_aviso" id="E60C4216-C748-2BDF-DF55-74379C1087AD">
<createdBy>Lupi</createdBy>
<createdTime>2016-04-12 15:58:51 UTC</createdTime>
<generatorID>6243647A-D507-A9D8-6783-A6A70C6EEC9E</generatorID>
<ownerDesignName>EMASA</ownerDesignName>
<useDomainConstraints>false</useDomainConstraints>
<use>1</use>
<logicalDatatype>LOGDT019</logicalDatatype>
<ownDataTypeParameters>,,</ownDataTypeParameters>
<previousColumn>false</previousColumn>
<autoIncrementCycle>false</autoIncrementCycle>
<associations>
<colAssociation fkAssociation="6A559EF0-6152-519E-BDBB-1D95ADFBCD21" referredColumn="942DC43E-649F-47B7-C1A3-F49038B8B354"/>
</associations>
</Column>
<Column name="Fecha_actualizacion" id="58587FA8-FDE3-DF48-0D22-D646BAC97C4B">
<createdBy>Lupi</createdBy>
<createdTime>2016-04-12 15:58:51 UTC</createdTime>
<generatorID>43AF5F82-71DD-E56C-E2C8-164DEE3946E4</generatorID>
<ownerDesignName>EMASA</ownerDesignName>
<useDomainConstraints>false</useDomainConstraints>
<use>1</use>
<logicalDatatype>LOGDT007</logicalDatatype>
<ownDataTypeParameters>,,</ownDataTypeParameters>
<previousColumn>false</previousColumn>
<autoIncrementCycle>false</autoIncrementCycle>
<associations>
<colAssociation fkAssociation="6A559EF0-6152-519E-BDBB-1D95ADFBCD21" referredColumn="BFD5268A-1426-C7F9-03E2-13BCBB1BAE65"/>
</associations>
</Column>
<Column name="Supervisor" id="CFF33442-9C05-B1A4-F0BF-6CDE8BDAD799">
<createdBy>Lupi</createdBy>
<createdTime>2016-04-12 15:58:51 UTC</createdTime>
<generatorID>0811C11B-E5A7-AC63-79DB-FCA8F9F798B4</generatorID>
<ownerDesignName>EMASA</ownerDesignName>
<useDomainConstraints>false</useDomainConstraints>
<use>1</use>
<logicalDatatype>LOGDT019</logicalDatatype>
<ownDataTypeParameters>,,</ownDataTypeParameters>
<previousColumn>false</previousColumn>
<autoIncrementCycle>false</autoIncrementCycle>
<associations>
<colAssociation fkAssociation="6A559EF0-6152-519E-BDBB-1D95ADFBCD21" referredColumn="62BEB9F0-7588-7D6B-B366-5D1ED1E4D71C"/>
</associations>
</Column>
</columns>
<indexes itemClass="oracle.dbtools.crest.model.design.relational.Index">
<ind_PK_UK id="A043C9EB-4D3D-0789-2815-65EE376A2FA1" name="ORD_TRABAJO_PK">
<createdBy>Lupi</createdBy>
<createdTime>2016-04-12 15:58:51 UTC</createdTime>
<generatorID>A33647CD-8090-AFA8-FB66-51EE36EB27B9</generatorID>
<ownerDesignName>EMASA</ownerDesignName>
<pk>true</pk>
<indexState>Primary Constraint</indexState>
<isSurrogateKey>false</isSurrogateKey>
<indexColumnUsage>
<colUsage columnID="223E8D47-F134-3C7E-BFE9-AE7135AA06C7"/>
</indexColumnUsage>
</ind_PK_UK>
<ind_PK_UK id="EDB59679-0EF4-6A2D-3248-42309C7941DA" name="ORD_TRABAJO_HISTORICO_FK">
<createdBy>Lupi</createdBy>
<createdTime>2016-04-12 15:58:51 UTC</createdTime>
<generatorID>F1BF7266-C6D7-B519-5075-E3CA521F14C5</generatorID>
<ownerDesignName>EMASA</ownerDesignName>
<indexState>Foreign Key</indexState>
<isSurrogateKey>false</isSurrogateKey>
<indexColumnUsage>
<colUsage columnID="E60C4216-C748-2BDF-DF55-74379C1087AD"/>
<colUsage columnID="58587FA8-FDE3-DF48-0D22-D646BAC97C4B"/>
<colUsage columnID="CFF33442-9C05-B1A4-F0BF-6CDE8BDAD799"/>
</indexColumnUsage>
</ind_PK_UK>
</indexes>
</Table>