<?xml version = '1.0' encoding = 'UTF-8'?>
<Entity class="oracle.dbtools.crest.model.design.logical.Entity" directorySegmentName="seg_0" id="52F4DE0A-257B-33BF-BADB-728838CA159D" name="ORD_TRABAJO">
<createdBy>priyagurnani</createdBy>
<createdTime>2015-11-12 17:22:18 UTC</createdTime>
<ownerDesignName>EMASA</ownerDesignName>
<engineerTo>
<item key="D1926CCE-1868-FE68-A6E8-30EBD0B42E07" value="true"/>
</engineerTo>
<adequatelyNormalized>NO</adequatelyNormalized>
<expectedVolumes>0</expectedVolumes>
<fwdEngineeringStrategyName>Single Table</fwdEngineeringStrategyName>
<growthPercent>0</growthPercent>
<growthType>Year</growthType>
<maxVolumes>9999999</maxVolumes>
<minVolumes>0</minVolumes>
<normalForm>Third</normalForm>
<attributes itemClass="oracle.dbtools.crest.model.design.logical.Attribute">
<Attribute name="Id_orden" id="512A0C07-7B31-7271-28FA-4FEA9B0BD9E5">
<createdBy>priyagurnani</createdBy>
<createdTime>2015-11-12 18:33:46 UTC</createdTime>
<ownerDesignName>EMASA</ownerDesignName>
<engineerTo>
<item key="D1926CCE-1868-FE68-A6E8-30EBD0B42E07" value="true"/>
</engineerTo>
<useDomainConstraints>false</useDomainConstraints>
<use>1</use>
<logicalDatatype>LOGDT019</logicalDatatype>
<ownDataTypeParameters>,,</ownDataTypeParameters>
</Attribute>
<Attribute name="Fecha_creacion" id="6988B8A0-8E3C-EE29-B0B1-175FCA12FE57">
<createdBy>priyagurnani</createdBy>
<createdTime>2015-11-12 18:37:21 UTC</createdTime>
<ownerDesignName>EMASA</ownerDesignName>
<engineerTo>
<item key="D1926CCE-1868-FE68-A6E8-30EBD0B42E07" value="true"/>
</engineerTo>
<useDomainConstraints>false</useDomainConstraints>
<use>1</use>
<logicalDatatype>LOGDT008</logicalDatatype>
<ownDataTypeParameters>,,</ownDataTypeParameters>
</Attribute>
<Attribute name="Trabajo a realizar" id="691A6D83-CBCF-FF3A-42F6-BEC5CDFBC046">
<createdBy>micha</createdBy>
<createdTime>2015-11-16 21:47:44 UTC</createdTime>
<ownerDesignName>EMASA</ownerDesignName>
<engineerTo>
<item key="D1926CCE-1868-FE68-A6E8-30EBD0B42E07" value="true"/>
</engineerTo>
<useDomainConstraints>false</useDomainConstraints>
<use>1</use>
<logicalDatatype>LOGDT024</logicalDatatype>
<dataTypeSize>200</dataTypeSize>
<ownDataTypeParameters>200,,</ownDataTypeParameters>
</Attribute>
<Attribute name="Num_Brigada" id="C3D636F6-8FD9-E3C5-8F99-D665C01B3865">
<createdBy>Lupi</createdBy>
<createdTime>2016-04-11 12:02:51 UTC</createdTime>
<ownerDesignName>EMASA</ownerDesignName>
<engineerTo>
<item key="D1926CCE-1868-FE68-A6E8-30EBD0B42E07" value="true"/>
</engineerTo>
<useDomainConstraints>false</useDomainConstraints>
<use>1</use>
<logicalDatatype>LOGDT019</logicalDatatype>
<ownDataTypeParameters>,,</ownDataTypeParameters>
</Attribute>
<Attribute name="Estado" id="CD944E23-A0D2-3A04-3555-F9FBC0DFF850">
<createdBy>Lupi</createdBy>
<createdTime>2016-04-06 17:05:11 UTC</createdTime>
<ownerDesignName>EMASA</ownerDesignName>
<engineerTo>
<item key="D1926CCE-1868-FE68-A6E8-30EBD0B42E07" value="true"/>
</engineerTo>
<useDomainConstraints>false</useDomainConstraints>
<use>1</use>
<logicalDatatype>LOGDT024</logicalDatatype>
<dataTypeSize>15</dataTypeSize>
<ownDataTypeParameters>15,,</ownDataTypeParameters>
</Attribute>
<Attribute name="Fecha_Finalizacion" id="8FCFA724-918E-E470-0F5C-7876ABA62F9B">
<createdBy>priyagurnani</createdBy>
<createdTime>2015-11-12 18:37:44 UTC</createdTime>
<ownerDesignName>EMASA</ownerDesignName>
<engineerTo>
<item key="D1926CCE-1868-FE68-A6E8-30EBD0B42E07" value="true"/>
</engineerTo>
<nullsAllowed>true</nullsAllowed>
<useDomainConstraints>false</useDomainConstraints>
<use>1</use>
<logicalDatatype>LOGDT007</logicalDatatype>
<ownDataTypeParameters>,,</ownDataTypeParameters>
</Attribute>
<Attribute name="Id_aviso" id="6243647A-D507-A9D8-6783-A6A70C6EEC9E">
<createdBy>Lupi</createdBy>
<createdTime>2016-04-11 12:01:48 UTC</createdTime>
<generatorID>F1BF7266-C6D7-B519-5075-E3CA521F14C5</generatorID>
<ownerDesignName>EMASA</ownerDesignName>
<engineerTo>
<item key="D1926CCE-1868-FE68-A6E8-30EBD0B42E07" value="true"/>
</engineerTo>
<referedAttribute>48332E9F-A6AE-BCB0-45A1-C674AEC7C7F9</referedAttribute>
<useDomainConstraints>false</useDomainConstraints>
<use>1</use>
<logicalDatatype>LOGDT019</logicalDatatype>
<ownDataTypeParameters>,,</ownDataTypeParameters>
</Attribute>
<Attribute name="Fecha_actualizacion" id="43AF5F82-71DD-E56C-E2C8-164DEE3946E4">
<createdBy>Lupi</createdBy>
<createdTime>2016-04-11 12:01:48 UTC</createdTime>
<generatorID>F1BF7266-C6D7-B519-5075-E3CA521F14C5</generatorID>
<ownerDesignName>EMASA</ownerDesignName>
<engineerTo>
<item key="D1926CCE-1868-FE68-A6E8-30EBD0B42E07" value="true"/>
</engineerTo>
<referedAttribute>0F0603C4-1C0A-E561-8B3A-B8110D5BCDD3</referedAttribute>
<useDomainConstraints>false</useDomainConstraints>
<use>1</use>
<logicalDatatype>LOGDT007</logicalDatatype>
<ownDataTypeParameters>,,</ownDataTypeParameters>
</Attribute>
<Attribute name="Supervisor" id="0811C11B-E5A7-AC63-79DB-FCA8F9F798B4">
<createdBy>Lupi</createdBy>
<createdTime>2016-04-11 12:01:48 UTC</createdTime>
<generatorID>F1BF7266-C6D7-B519-5075-E3CA521F14C5</generatorID>
<ownerDesignName>EMASA</ownerDesignName>
<engineerTo>
<item key="D1926CCE-1868-FE68-A6E8-30EBD0B42E07" value="true"/>
</engineerTo>
<referedAttribute>42ABBEE5-7525-8D1C-8342-E1C5676F0E7F</referedAttribute>
<useDomainConstraints>false</useDomainConstraints>
<use>1</use>
<logicalDatatype>LOGDT019</logicalDatatype>
<ownDataTypeParameters>,,</ownDataTypeParameters>
</Attribute>
</attributes>
<identifiers itemClass="oracle.dbtools.crest.model.design.logical.CandidateKey">
<identifier id="A33647CD-8090-AFA8-FB66-51EE36EB27B9" name="ORDEN DE TRABAJO PK">
<createdBy>priyagurnani</createdBy>
<createdTime>2015-11-12 18:33:50 UTC</createdTime>
<ownerDesignName>EMASA</ownerDesignName>
<engineerTo>
<item key="D1926CCE-1868-FE68-A6E8-30EBD0B42E07" value="true"/>
</engineerTo>
<pk>true</pk>
<usedAttributes>
<attributeRef>512A0C07-7B31-7271-28FA-4FEA9B0BD9E5</attributeRef>
</usedAttributes>
</identifier>
</identifiers>
</Entity>