<?xml version = '1.0' encoding = 'UTF-8'?>
<Entity class="oracle.dbtools.crest.model.design.logical.Entity" directorySegmentName="seg_0" id="57461385-3A98-6FDB-AE61-DCDB6152B53C" name="CLIENTE">
<createdBy>priyagurnani</createdBy>
<createdTime>2015-11-12 17:21:57 UTC</createdTime>
<ownerDesignName>EMASA</ownerDesignName>
<engineerTo>
<item key="52EEB0B5-4834-1F75-921A-55E0CFB30458" value="true"/>
</engineerTo>
<adequatelyNormalized>NO</adequatelyNormalized>
<expectedVolumes>0</expectedVolumes>
<fwdEngineeringStrategyName>Single Table</fwdEngineeringStrategyName>
<growthPercent>0</growthPercent>
<growthType>Year</growthType>
<maxVolumes>9999999</maxVolumes>
<minVolumes>0</minVolumes>
<normalForm>Third</normalForm>
<attributes itemClass="oracle.dbtools.crest.model.design.logical.Attribute">
<Attribute name="DNI" id="283B05E8-8EE9-7B4A-A3EB-5955064A08E5">
<createdBy>priyagurnani</createdBy>
<createdTime>2015-11-12 17:57:56 UTC</createdTime>
<ownerDesignName>EMASA</ownerDesignName>
<engineerTo>
<item key="52EEB0B5-4834-1F75-921A-55E0CFB30458" value="true"/>
</engineerTo>
<useDomainConstraints>false</useDomainConstraints>
<use>1</use>
<logicalDatatype>LOGDT024</logicalDatatype>
<dataTypeSize>12</dataTypeSize>
<ownDataTypeParameters>12,,</ownDataTypeParameters>
</Attribute>
<Attribute name="Nombre" id="2531E54B-8244-1FC0-1731-477079963F64">
<createdBy>priyagurnani</createdBy>
<createdTime>2015-11-12 17:58:04 UTC</createdTime>
<ownerDesignName>EMASA</ownerDesignName>
<engineerTo>
<item key="52EEB0B5-4834-1F75-921A-55E0CFB30458" value="true"/>
</engineerTo>
<useDomainConstraints>false</useDomainConstraints>
<use>1</use>
<logicalDatatype>LOGDT024</logicalDatatype>
<dataTypeSize>40</dataTypeSize>
<ownDataTypeParameters>40,,</ownDataTypeParameters>
</Attribute>
<Attribute name="Poliza" id="571DE95C-ACC0-EF0F-43EF-E4EE070D671A">
<createdBy>priyagurnani</createdBy>
<createdTime>2015-11-12 17:58:09 UTC</createdTime>
<ownerDesignName>EMASA</ownerDesignName>
<engineerTo>
<item key="52EEB0B5-4834-1F75-921A-55E0CFB30458" value="true"/>
</engineerTo>
<nullsAllowed>true</nullsAllowed>
<useDomainConstraints>false</useDomainConstraints>
<use>1</use>
<logicalDatatype>LOGDT019</logicalDatatype>
<ownDataTypeParameters>,,</ownDataTypeParameters>
</Attribute>
<Attribute name="Telefono" id="8F651126-436D-EFEE-EF78-06D9901B5AC9">
<createdBy>priyagurnani</createdBy>
<createdTime>2015-11-12 18:00:16 UTC</createdTime>
<ownerDesignName>EMASA</ownerDesignName>
<engineerTo>
<item key="52EEB0B5-4834-1F75-921A-55E0CFB30458" value="true"/>
</engineerTo>
<nullsAllowed>true</nullsAllowed>
<useDomainConstraints>false</useDomainConstraints>
<use>1</use>
<logicalDatatype>LOGDT019</logicalDatatype>
<ownDataTypeParameters>,,</ownDataTypeParameters>
</Attribute>
<Attribute name="e-mail" id="95A1F30E-6CDB-B23A-5F8D-DF61FE7C9259">
<createdBy>priyagurnani</createdBy>
<createdTime>2015-11-12 18:20:03 UTC</createdTime>
<ownerDesignName>EMASA</ownerDesignName>
<engineerTo>
<item key="52EEB0B5-4834-1F75-921A-55E0CFB30458" value="true"/>
</engineerTo>
<nullsAllowed>true</nullsAllowed>
<useDomainConstraints>false</useDomainConstraints>
<use>1</use>
<logicalDatatype>LOGDT024</logicalDatatype>
<dataTypeSize>40</dataTypeSize>
<ownDataTypeParameters>40,,</ownDataTypeParameters>
</Attribute>
</attributes>
<identifiers itemClass="oracle.dbtools.crest.model.design.logical.CandidateKey">
<identifier id="061FCF7D-3EDC-D7E9-6034-6AC987A3A4F5" name="USUARIO PK">
<createdBy>priyagurnani</createdBy>
<createdTime>2015-11-12 17:58:14 UTC</createdTime>
<ownerDesignName>EMASA</ownerDesignName>
<engineerTo>
<item key="52EEB0B5-4834-1F75-921A-55E0CFB30458" value="true"/>
</engineerTo>
<pk>true</pk>
<usedAttributes>
<attributeRef>283B05E8-8EE9-7B4A-A3EB-5955064A08E5</attributeRef>
</usedAttributes>
</identifier>
</identifiers>
</Entity>