<?xml version = '1.0' encoding = 'UTF-8'?>
<Entity class="oracle.dbtools.crest.model.design.logical.Entity" directorySegmentName="seg_0" id="58644222-14DA-FAA9-0198-4C30723B9185" name="HISTORICO">
<createdBy>Lupi</createdBy>
<createdTime>2016-04-06 15:28:36 UTC</createdTime>
<ownerDesignName>EMASA</ownerDesignName>
<engineerTo>
<item key="D1926CCE-1868-FE68-A6E8-30EBD0B42E07" value="true"/>
</engineerTo>
<adequatelyNormalized>NO</adequatelyNormalized>
<expectedVolumes>0</expectedVolumes>
<fwdEngineeringStrategyName>Single Table</fwdEngineeringStrategyName>
<growthPercent>0</growthPercent>
<growthType>Year</growthType>
<maxVolumes>9999999</maxVolumes>
<minVolumes>0</minVolumes>
<normalForm>Third</normalForm>
<attributes itemClass="oracle.dbtools.crest.model.design.logical.Attribute">
<Attribute name="Id_aviso" id="48332E9F-A6AE-BCB0-45A1-C674AEC7C7F9">
<createdBy>Lupi</createdBy>
<createdTime>2016-04-06 15:28:53 UTC</createdTime>
<generatorID>84BDCB55-90FE-B51F-2F07-F3C4798CDC00</generatorID>
<ownerDesignName>EMASA</ownerDesignName>
<engineerTo>
<item key="D1926CCE-1868-FE68-A6E8-30EBD0B42E07" value="true"/>
</engineerTo>
<referedAttribute>097A1C10-2182-CDB4-20BC-75BFA44A9DE1</referedAttribute>
<useDomainConstraints>false</useDomainConstraints>
<use>1</use>
<logicalDatatype>LOGDT019</logicalDatatype>
<ownDataTypeParameters>,,</ownDataTypeParameters>
</Attribute>
<Attribute name="Fecha_actualizacion" id="0F0603C4-1C0A-E561-8B3A-B8110D5BCDD3">
<createdBy>Lupi</createdBy>
<createdTime>2016-04-06 15:30:12 UTC</createdTime>
<ownerDesignName>EMASA</ownerDesignName>
<engineerTo>
<item key="D1926CCE-1868-FE68-A6E8-30EBD0B42E07" value="true"/>
</engineerTo>
<useDomainConstraints>false</useDomainConstraints>
<use>1</use>
<logicalDatatype>LOGDT007</logicalDatatype>
<ownDataTypeParameters>,,</ownDataTypeParameters>
</Attribute>
<Attribute name="Supervisor" id="42ABBEE5-7525-8D1C-8342-E1C5676F0E7F">
<createdBy>Lupi</createdBy>
<createdTime>2016-04-09 18:35:06 UTC</createdTime>
<ownerDesignName>EMASA</ownerDesignName>
<engineerTo>
<item key="D1926CCE-1868-FE68-A6E8-30EBD0B42E07" value="true"/>
</engineerTo>
<useDomainConstraints>false</useDomainConstraints>
<use>1</use>
<logicalDatatype>LOGDT019</logicalDatatype>
<ownDataTypeParameters>,,</ownDataTypeParameters>
</Attribute>
<Attribute name="Descripcion" id="B7206F22-3AA8-EC8F-875E-CDA1A2193A46">
<createdBy>Lupi</createdBy>
<createdTime>2016-04-06 15:37:06 UTC</createdTime>
<ownerDesignName>EMASA</ownerDesignName>
<engineerTo>
<item key="D1926CCE-1868-FE68-A6E8-30EBD0B42E07" value="true"/>
</engineerTo>
<useDomainConstraints>false</useDomainConstraints>
<use>1</use>
<logicalDatatype>LOGDT024</logicalDatatype>
<dataTypeSize>200</dataTypeSize>
<ownDataTypeParameters>200,,</ownDataTypeParameters>
</Attribute>
<Attribute name="Direccion" id="2F65EE92-939E-EDD2-342F-8DEDCA92EC79">
<createdBy>Lupi</createdBy>
<createdTime>2016-04-06 15:40:04 UTC</createdTime>
<ownerDesignName>EMASA</ownerDesignName>
<engineerTo>
<item key="D1926CCE-1868-FE68-A6E8-30EBD0B42E07" value="true"/>
</engineerTo>
<useDomainConstraints>false</useDomainConstraints>
<use>1</use>
<logicalDatatype>LOGDT024</logicalDatatype>
<dataTypeSize>100</dataTypeSize>
<ownDataTypeParameters>100,,</ownDataTypeParameters>
</Attribute>
<Attribute name="Estado" id="CCFA7A9A-F153-52DD-3B61-A2A076FB3EB0">
<createdBy>Lupi</createdBy>
<createdTime>2016-04-06 15:31:04 UTC</createdTime>
<ownerDesignName>EMASA</ownerDesignName>
<engineerTo>
<item key="D1926CCE-1868-FE68-A6E8-30EBD0B42E07" value="true"/>
</engineerTo>
<useDomainConstraints>false</useDomainConstraints>
<use>1</use>
<logicalDatatype>LOGDT024</logicalDatatype>
<dataTypeSize>20</dataTypeSize>
<ownDataTypeParameters>20,,</ownDataTypeParameters>
</Attribute>
<Attribute name="Duplicado" id="B982AA6B-7769-5EA9-F099-F59865B41CB6">
<createdBy>Lupi</createdBy>
<createdTime>2016-04-06 15:47:50 UTC</createdTime>
<ownerDesignName>EMASA</ownerDesignName>
<engineerTo>
<item key="D1926CCE-1868-FE68-A6E8-30EBD0B42E07" value="true"/>
</engineerTo>
<useDomainConstraints>false</useDomainConstraints>
<use>1</use>
<logicalDatatype>LOGDT019</logicalDatatype>
<ownDataTypeParameters>,,</ownDataTypeParameters>
</Attribute>
<Attribute name="Fecha_Cierre" id="5A0DCF5D-DD74-0A11-093D-05F625A357E3">
<createdBy>Lupi</createdBy>
<createdTime>2016-04-06 15:40:52 UTC</createdTime>
<ownerDesignName>EMASA</ownerDesignName>
<engineerTo>
<item key="D1926CCE-1868-FE68-A6E8-30EBD0B42E07" value="true"/>
</engineerTo>
<nullsAllowed>true</nullsAllowed>
<useDomainConstraints>false</useDomainConstraints>
<use>1</use>
<logicalDatatype>LOGDT007</logicalDatatype>
<ownDataTypeParameters>,,</ownDataTypeParameters>
</Attribute>
<Attribute name="Tipo_aviso" id="A12D7576-FB2C-22F5-F639-77D7E1A1C790">
<createdBy>Lupi</createdBy>
<createdTime>2016-04-06 15:31:23 UTC</createdTime>
<ownerDesignName>EMASA</ownerDesignName>
<engineerTo>
<item key="D1926CCE-1868-FE68-A6E8-30EBD0B42E07" value="true"/>
</engineerTo>
<nullsAllowed>true</nullsAllowed>
<useDomainConstraints>false</useDomainConstraints>
<use>1</use>
<logicalDatatype>LOGDT024</logicalDatatype>
<dataTypeSize>15</dataTypeSize>
<ownDataTypeParameters>15,,</ownDataTypeParameters>
</Attribute>
<Attribute name="Causa" id="1DBB9AAA-50D1-1E79-8029-1CC505229544">
<createdBy>Lupi</createdBy>
<createdTime>2016-04-06 15:42:10 UTC</createdTime>
<ownerDesignName>EMASA</ownerDesignName>
<engineerTo>
<item key="D1926CCE-1868-FE68-A6E8-30EBD0B42E07" value="true"/>
</engineerTo>
<nullsAllowed>true</nullsAllowed>
<useDomainConstraints>false</useDomainConstraints>
<use>1</use>
<logicalDatatype>LOGDT024</logicalDatatype>
<dataTypeSize>50</dataTypeSize>
<ownDataTypeParameters>50,,</ownDataTypeParameters>
</Attribute>
<Attribute name="Urgencia" id="21F28310-269D-49BB-B7BB-B433A2E36A88">
<createdBy>Lupi</createdBy>
<createdTime>2016-04-06 15:42:32 UTC</createdTime>
<ownerDesignName>EMASA</ownerDesignName>
<engineerTo>
<item key="D1926CCE-1868-FE68-A6E8-30EBD0B42E07" value="true"/>
</engineerTo>
<nullsAllowed>true</nullsAllowed>
<useDomainConstraints>false</useDomainConstraints>
<use>1</use>
<logicalDatatype>LOGDT024</logicalDatatype>
<dataTypeSize>20</dataTypeSize>
<ownDataTypeParameters>20,,</ownDataTypeParameters>
</Attribute>
<Attribute name="Ubicacion_GPS" id="35B57D79-09AA-6806-2808-A65FBB71A14B">
<createdBy>Lupi</createdBy>
<createdTime>2016-04-06 15:45:38 UTC</createdTime>
<ownerDesignName>EMASA</ownerDesignName>
<engineerTo>
<item key="D1926CCE-1868-FE68-A6E8-30EBD0B42E07" value="true"/>
</engineerTo>
<nullsAllowed>true</nullsAllowed>
<useDomainConstraints>false</useDomainConstraints>
<use>1</use>
<logicalDatatype>LOGDT024</logicalDatatype>
<dataTypeSize>20</dataTypeSize>
<ownDataTypeParameters>20,,</ownDataTypeParameters>
</Attribute>
<Attribute name="Red_Agua" id="49E914CB-5868-85B5-D17D-B254A1015B94">
<createdBy>Lupi</createdBy>
<createdTime>2016-04-06 15:47:20 UTC</createdTime>
<ownerDesignName>EMASA</ownerDesignName>
<engineerTo>
<item key="D1926CCE-1868-FE68-A6E8-30EBD0B42E07" value="true"/>
</engineerTo>
<nullsAllowed>true</nullsAllowed>
<useDomainConstraints>false</useDomainConstraints>
<use>1</use>
<logicalDatatype>LOGDT024</logicalDatatype>
<dataTypeSize>50</dataTypeSize>
<ownDataTypeParameters>50,,</ownDataTypeParameters>
</Attribute>
<Attribute name="Doc_adjunto" id="4A5CF9E2-BA66-F8E2-C134-C49F95EEFBD6">
<createdBy>Lupi</createdBy>
<createdTime>2016-04-06 15:47:58 UTC</createdTime>
<ownerDesignName>EMASA</ownerDesignName>
<engineerTo>
<item key="D1926CCE-1868-FE68-A6E8-30EBD0B42E07" value="true"/>
</engineerTo>
<nullsAllowed>true</nullsAllowed>
<useDomainConstraints>false</useDomainConstraints>
<use>1</use>
<logicalDatatype>LOGDT024</logicalDatatype>
<dataTypeSize>200</dataTypeSize>
<ownDataTypeParameters>200,,</ownDataTypeParameters>
</Attribute>
<Attribute name="Id_empleado" id="BB806540-81EF-D036-F353-FD378304C339">
<createdBy>Lupi</createdBy>
<createdTime>2016-04-11 13:26:19 UTC</createdTime>
<generatorID>B3156FC2-469D-D2DD-8A2D-3EF491E18A6D</generatorID>
<ownerDesignName>EMASA</ownerDesignName>
<engineerTo>
<item key="D1926CCE-1868-FE68-A6E8-30EBD0B42E07" value="true"/>
</engineerTo>
<referedAttribute>E1716D13-3716-01E2-7FB2-E8AE3064FB25</referedAttribute>
<useDomainConstraints>false</useDomainConstraints>
<use>1</use>
<logicalDatatype>LOGDT019</logicalDatatype>
<ownDataTypeParameters>,,</ownDataTypeParameters>
</Attribute>
</attributes>
<identifiers itemClass="oracle.dbtools.crest.model.design.logical.CandidateKey">
<identifier id="B585956B-A87E-6317-3C05-F38D97405641" name="HISTORICO PK">
<createdBy>Lupi</createdBy>
<createdTime>2016-04-06 15:28:53 UTC</createdTime>
<ownerDesignName>EMASA</ownerDesignName>
<engineerTo>
<item key="D1926CCE-1868-FE68-A6E8-30EBD0B42E07" value="true"/>
</engineerTo>
<pk>true</pk>
<usedAttributes>
<attributeRef>48332E9F-A6AE-BCB0-45A1-C674AEC7C7F9</attributeRef>
<attributeRef>0F0603C4-1C0A-E561-8B3A-B8110D5BCDD3</attributeRef>
<attributeRef>42ABBEE5-7525-8D1C-8342-E1C5676F0E7F</attributeRef>
</usedAttributes>
</identifier>
</identifiers>
</Entity>