<?xml version = '1.0' encoding = 'UTF-8'?>
<Entity class="oracle.dbtools.crest.model.design.logical.Entity" directorySegmentName="seg_0" id="71E780DF-17B0-1C3A-F56C-542F39B5A7C2" name="AVISO">
<createdBy>priyagurnani</createdBy>
<createdTime>2015-11-12 17:21:49 UTC</createdTime>
<ownerDesignName>EMASA</ownerDesignName>
<engineerTo>
<item key="D1926CCE-1868-FE68-A6E8-30EBD0B42E07" value="true"/>
</engineerTo>
<adequatelyNormalized>NO</adequatelyNormalized>
<expectedVolumes>0</expectedVolumes>
<fwdEngineeringStrategyName>Single Table</fwdEngineeringStrategyName>
<growthPercent>0</growthPercent>
<growthType>Year</growthType>
<maxVolumes>9999999</maxVolumes>
<minVolumes>0</minVolumes>
<normalForm>Third</normalForm>
<attributes itemClass="oracle.dbtools.crest.model.design.logical.Attribute">
<Attribute name="Id_aviso" id="097A1C10-2182-CDB4-20BC-75BFA44A9DE1">
<createdBy>priyagurnani</createdBy>
<createdTime>2015-11-12 17:45:11 UTC</createdTime>
<ownerDesignName>EMASA</ownerDesignName>
<engineerTo>
<item key="D1926CCE-1868-FE68-A6E8-30EBD0B42E07" value="true"/>
</engineerTo>
<useDomainConstraints>false</useDomainConstraints>
<use>1</use>
<logicalDatatype>LOGDT019</logicalDatatype>
<ownDataTypeParameters>,,</ownDataTypeParameters>
</Attribute>
<Attribute name="Fecha_Entrada" id="51612370-9B75-4390-BF56-D87A85980F44">
<createdBy>priyagurnani</createdBy>
<createdTime>2015-11-12 18:38:10 UTC</createdTime>
<ownerDesignName>EMASA</ownerDesignName>
<engineerTo>
<item key="D1926CCE-1868-FE68-A6E8-30EBD0B42E07" value="true"/>
</engineerTo>
<useDomainConstraints>false</useDomainConstraints>
<use>1</use>
<logicalDatatype>LOGDT008</logicalDatatype>
<ownDataTypeParameters>,,</ownDataTypeParameters>
</Attribute>
<Attribute name="Origen" id="F6932E88-4846-875A-CBE6-8A6B9D748491">
<createdBy>Lupi</createdBy>
<createdTime>2016-04-09 18:50:02 UTC</createdTime>
<ownerDesignName>EMASA</ownerDesignName>
<engineerTo>
<item key="D1926CCE-1868-FE68-A6E8-30EBD0B42E07" value="true"/>
</engineerTo>
<useDomainConstraints>false</useDomainConstraints>
<use>1</use>
<logicalDatatype>LOGDT024</logicalDatatype>
<dataTypeSize>15</dataTypeSize>
<ownDataTypeParameters>15,,</ownDataTypeParameters>
</Attribute>
<Attribute name="Id_aviso1" id="C653B8FA-CFB5-F4F0-4FED-9C14FAEB5E60">
<createdBy>Lupi</createdBy>
<createdTime>2016-04-06 14:21:59 UTC</createdTime>
<generatorID>AEC37E20-441E-D3C9-3F57-9C2A2DD96124</generatorID>
<ownerDesignName>EMASA</ownerDesignName>
<engineerTo>
<item key="D1926CCE-1868-FE68-A6E8-30EBD0B42E07" value="true"/>
</engineerTo>
<nullsAllowed>true</nullsAllowed>
<referedAttribute>097A1C10-2182-CDB4-20BC-75BFA44A9DE1</referedAttribute>
<useDomainConstraints>false</useDomainConstraints>
<use>1</use>
<logicalDatatype>LOGDT019</logicalDatatype>
<ownDataTypeParameters>,,</ownDataTypeParameters>
</Attribute>
<Attribute name="Id_empleado" id="4277F245-3B7A-F412-5577-5C9EA057C239">
<createdBy>Lupi</createdBy>
<createdTime>2016-04-09 22:51:19 UTC</createdTime>
<generatorID>07450B3F-E661-B156-BC48-8F972EC0F959</generatorID>
<ownerDesignName>EMASA</ownerDesignName>
<engineerTo>
<item key="D1926CCE-1868-FE68-A6E8-30EBD0B42E07" value="true"/>
</engineerTo>
<nullsAllowed>true</nullsAllowed>
<referedAttribute>E1716D13-3716-01E2-7FB2-E8AE3064FB25</referedAttribute>
<useDomainConstraints>false</useDomainConstraints>
<use>1</use>
<logicalDatatype>LOGDT019</logicalDatatype>
<ownDataTypeParameters>,,</ownDataTypeParameters>
</Attribute>
<Attribute name="DNI" id="58CC47B4-0C56-03A5-1A34-E6FB1F690AD1">
<createdBy>Lupi</createdBy>
<createdTime>2016-04-09 22:55:58 UTC</createdTime>
<generatorID>29069B5F-D38E-EC9C-0883-E35A18D5EDBC</generatorID>
<ownerDesignName>EMASA</ownerDesignName>
<engineerTo>
<item key="D1926CCE-1868-FE68-A6E8-30EBD0B42E07" value="true"/>
</engineerTo>
<nullsAllowed>true</nullsAllowed>
<referedAttribute>283B05E8-8EE9-7B4A-A3EB-5955064A08E5</referedAttribute>
<useDomainConstraints>false</useDomainConstraints>
<use>1</use>
<logicalDatatype>LOGDT024</logicalDatatype>
<dataTypeSize>12</dataTypeSize>
<ownDataTypeParameters>12,,</ownDataTypeParameters>
</Attribute>
</attributes>
<identifiers itemClass="oracle.dbtools.crest.model.design.logical.CandidateKey">
<identifier id="E1E28A2C-C0F7-B09D-9D3F-F4C943D9B4DC" name="AVISO PK">
<createdBy>priyagurnani</createdBy>
<createdTime>2015-11-12 17:48:13 UTC</createdTime>
<ownerDesignName>EMASA</ownerDesignName>
<engineerTo>
<item key="D1926CCE-1868-FE68-A6E8-30EBD0B42E07" value="true"/>
</engineerTo>
<pk>true</pk>
<usedAttributes>
<attributeRef>097A1C10-2182-CDB4-20BC-75BFA44A9DE1</attributeRef>
</usedAttributes>
</identifier>
</identifiers>
</Entity>