<?xml version = '1.0' encoding = 'UTF-8'?>
<Entity class="oracle.dbtools.crest.model.design.logical.Entity" directorySegmentName="seg_0" id="779E4EE7-31FA-7EC0-0EE6-821B66D8613C" name="ACTUACIONES">
<createdBy>Lupi</createdBy>
<createdTime>2016-04-06 17:05:54 UTC</createdTime>
<ownerDesignName>EMASA</ownerDesignName>
<engineerTo>
<item key="771391F3-2C77-CE20-49EA-85708453BE82" value="true"/>
</engineerTo>
<adequatelyNormalized>NO</adequatelyNormalized>
<expectedVolumes>0</expectedVolumes>
<fwdEngineeringStrategyName>Single Table</fwdEngineeringStrategyName>
<growthPercent>0</growthPercent>
<growthType>Year</growthType>
<maxVolumes>9999999</maxVolumes>
<minVolumes>0</minVolumes>
<normalForm>Third</normalForm>
<attributes itemClass="oracle.dbtools.crest.model.design.logical.Attribute">
<Attribute name="Fecha_actuacion" id="CFFA9A22-412A-9E73-EBA0-328FA53C6AC7">
<createdBy>Lupi</createdBy>
<createdTime>2016-04-06 17:06:19 UTC</createdTime>
<ownerDesignName>EMASA</ownerDesignName>
<engineerTo>
<item key="771391F3-2C77-CE20-49EA-85708453BE82" value="true"/>
</engineerTo>
<useDomainConstraints>false</useDomainConstraints>
<use>1</use>
<logicalDatatype>LOGDT007</logicalDatatype>
<ownDataTypeParameters>,,</ownDataTypeParameters>
</Attribute>
<Attribute name="Oper_realizadas" id="D171E7E0-060B-876B-CE55-3141B45C6B17">
<createdBy>Lupi</createdBy>
<createdTime>2016-04-06 17:06:36 UTC</createdTime>
<ownerDesignName>EMASA</ownerDesignName>
<engineerTo>
<item key="771391F3-2C77-CE20-49EA-85708453BE82" value="true"/>
</engineerTo>
<useDomainConstraints>false</useDomainConstraints>
<use>1</use>
<logicalDatatype>LOGDT024</logicalDatatype>
<dataTypeSize>200</dataTypeSize>
<ownDataTypeParameters>200,,</ownDataTypeParameters>
</Attribute>
<Attribute name="Observaciones" id="B31F5853-44ED-57F3-FAC6-D599ACB0C5E3">
<createdBy>Lupi</createdBy>
<createdTime>2016-04-06 17:07:29 UTC</createdTime>
<ownerDesignName>EMASA</ownerDesignName>
<engineerTo>
<item key="771391F3-2C77-CE20-49EA-85708453BE82" value="true"/>
</engineerTo>
<nullsAllowed>true</nullsAllowed>
<useDomainConstraints>false</useDomainConstraints>
<use>1</use>
<logicalDatatype>LOGDT024</logicalDatatype>
<dataTypeSize>200</dataTypeSize>
<ownDataTypeParameters>200,,</ownDataTypeParameters>
</Attribute>
<Attribute name="Id_orden" id="AF34780D-6B32-7347-3230-6387A8C61AF5">
<createdBy>Lupi</createdBy>
<createdTime>2016-04-06 17:09:07 UTC</createdTime>
<generatorID>4A8C3D47-61DC-DBFC-1433-2313D71B2A37</generatorID>
<ownerDesignName>EMASA</ownerDesignName>
<engineerTo>
<item key="771391F3-2C77-CE20-49EA-85708453BE82" value="true"/>
</engineerTo>
<referedAttribute>512A0C07-7B31-7271-28FA-4FEA9B0BD9E5</referedAttribute>
<useDomainConstraints>false</useDomainConstraints>
<use>1</use>
<logicalDatatype>LOGDT019</logicalDatatype>
<ownDataTypeParameters>,,</ownDataTypeParameters>
</Attribute>
</attributes>
<identifiers itemClass="oracle.dbtools.crest.model.design.logical.CandidateKey">
<identifier id="E1B86003-20EE-DBC0-6903-3DACA676FFF4" name="Historico_Trabajo PK">
<createdBy>Lupi</createdBy>
<createdTime>2016-04-06 17:06:28 UTC</createdTime>
<ownerDesignName>EMASA</ownerDesignName>
<engineerTo>
<item key="771391F3-2C77-CE20-49EA-85708453BE82" value="true"/>
</engineerTo>
<pk>true</pk>
<usedAttributes>
<attributeRef>CFFA9A22-412A-9E73-EBA0-328FA53C6AC7</attributeRef>
<attributeRef>AF34780D-6B32-7347-3230-6387A8C61AF5</attributeRef>
</usedAttributes>
</identifier>
</identifiers>
</Entity>