<?xml version = '1.0' encoding = 'UTF-8'?>
<Entity class="oracle.dbtools.crest.model.design.logical.Entity" directorySegmentName="seg_0" id="BE3824CA-66B8-9276-D8B5-5C3AEF0035DC" name="VISITAS">
<createdBy>Lupi</createdBy>
<createdTime>2016-04-06 16:34:29 UTC</createdTime>
<ownerDesignName>EMASA</ownerDesignName>
<engineerTo>
<item key="D1926CCE-1868-FE68-A6E8-30EBD0B42E07" value="true"/>
</engineerTo>
<adequatelyNormalized>NO</adequatelyNormalized>
<expectedVolumes>0</expectedVolumes>
<fwdEngineeringStrategyName>Single Table</fwdEngineeringStrategyName>
<growthPercent>0</growthPercent>
<growthType>Year</growthType>
<maxVolumes>9999999</maxVolumes>
<minVolumes>0</minVolumes>
<normalForm>Third</normalForm>
<attributes itemClass="oracle.dbtools.crest.model.design.logical.Attribute">
<Attribute name="Fecha_visita" id="A1D8D594-3F04-579D-820F-28258661E18E">
<createdBy>Lupi</createdBy>
<createdTime>2016-04-06 16:34:38 UTC</createdTime>
<ownerDesignName>EMASA</ownerDesignName>
<engineerTo>
<item key="D1926CCE-1868-FE68-A6E8-30EBD0B42E07" value="true"/>
</engineerTo>
<useDomainConstraints>false</useDomainConstraints>
<use>1</use>
<logicalDatatype>LOGDT007</logicalDatatype>
<ownDataTypeParameters>,,</ownDataTypeParameters>
</Attribute>
<Attribute name="Id_empleado" id="EB74655C-1DF8-EB93-325D-C83DB19073EC">
<createdBy>Lupi</createdBy>
<createdTime>2016-04-11 13:27:20 UTC</createdTime>
<generatorID>95E645A6-761C-4A6F-5896-315AECECD737</generatorID>
<ownerDesignName>EMASA</ownerDesignName>
<engineerTo>
<item key="D1926CCE-1868-FE68-A6E8-30EBD0B42E07" value="true"/>
</engineerTo>
<referedAttribute>E1716D13-3716-01E2-7FB2-E8AE3064FB25</referedAttribute>
<useDomainConstraints>false</useDomainConstraints>
<use>1</use>
<logicalDatatype>LOGDT019</logicalDatatype>
<ownDataTypeParameters>,,</ownDataTypeParameters>
</Attribute>
<Attribute name="Id_aviso" id="DC3DC237-24A0-A350-B2A1-A858C0E0C976">
<createdBy>Lupi</createdBy>
<createdTime>2016-04-11 13:28:45 UTC</createdTime>
<generatorID>5460D170-2DEC-25E2-B560-48EC4BA6FABE</generatorID>
<ownerDesignName>EMASA</ownerDesignName>
<engineerTo>
<item key="D1926CCE-1868-FE68-A6E8-30EBD0B42E07" value="true"/>
</engineerTo>
<referedAttribute>48332E9F-A6AE-BCB0-45A1-C674AEC7C7F9</referedAttribute>
<useDomainConstraints>false</useDomainConstraints>
<use>1</use>
<logicalDatatype>LOGDT019</logicalDatatype>
<ownDataTypeParameters>,,</ownDataTypeParameters>
</Attribute>
<Attribute name="Fecha_actualizacion" id="0F56B90D-CB43-EF8A-76EA-0A06955D9708">
<createdBy>Lupi</createdBy>
<createdTime>2016-04-11 13:28:45 UTC</createdTime>
<generatorID>5460D170-2DEC-25E2-B560-48EC4BA6FABE</generatorID>
<ownerDesignName>EMASA</ownerDesignName>
<engineerTo>
<item key="D1926CCE-1868-FE68-A6E8-30EBD0B42E07" value="true"/>
</engineerTo>
<referedAttribute>0F0603C4-1C0A-E561-8B3A-B8110D5BCDD3</referedAttribute>
<useDomainConstraints>false</useDomainConstraints>
<use>1</use>
<logicalDatatype>LOGDT007</logicalDatatype>
<ownDataTypeParameters>,,</ownDataTypeParameters>
</Attribute>
<Attribute name="Supervisor" id="B52E0BAE-75A3-7D82-BC27-5F4C6C7C25A7">
<createdBy>Lupi</createdBy>
<createdTime>2016-04-11 13:28:45 UTC</createdTime>
<generatorID>5460D170-2DEC-25E2-B560-48EC4BA6FABE</generatorID>
<ownerDesignName>EMASA</ownerDesignName>
<engineerTo>
<item key="D1926CCE-1868-FE68-A6E8-30EBD0B42E07" value="true"/>
</engineerTo>
<referedAttribute>42ABBEE5-7525-8D1C-8342-E1C5676F0E7F</referedAttribute>
<useDomainConstraints>false</useDomainConstraints>
<use>1</use>
<logicalDatatype>LOGDT019</logicalDatatype>
<ownDataTypeParameters>,,</ownDataTypeParameters>
</Attribute>
</attributes>
<identifiers itemClass="oracle.dbtools.crest.model.design.logical.CandidateKey">
<identifier id="65CF804D-3406-2FA2-27C4-94C7DFC56AF3" name="Visitas PK">
<createdBy>Lupi</createdBy>
<createdTime>2016-04-06 16:35:04 UTC</createdTime>
<ownerDesignName>EMASA</ownerDesignName>
<engineerTo>
<item key="D1926CCE-1868-FE68-A6E8-30EBD0B42E07" value="true"/>
</engineerTo>
<pk>true</pk>
<newElementsIDs>A1D8D594-3F04-579D-820F-28258661E18E</newElementsIDs>
<usedAttributes>
<attributeRef>A1D8D594-3F04-579D-820F-28258661E18E</attributeRef>
</usedAttributes>
</identifier>
</identifiers>
</Entity>