<?xml version = '1.0' encoding = 'UTF-8'?>
<relationalModel class="oracle.dbtools.crest.model.design.relational.RelationalDesign" name="emasa_relacional" id="56EC21D8-B006-0842-49F1-F6085178CCAF" mainViewID="0D9DC67A-4B17-B647-D5E8-C87270B7AC9D">
<createdBy>Lupi</createdBy>
<createdTime>2016-04-12 15:58:25 UTC</createdTime>
<ownerDesignName>EMASA</ownerDesignName>
<shouldBeOpen>false</shouldBeOpen>
<selectedRDBMSSite>32076570-2523-435C-2E92-BF29817DFF70</selectedRDBMSSite>
</relationalModel>