<?xml version = '1.0' encoding = 'UTF-8'?>
<Relation class="oracle.dbtools.crest.model.design.logical.Relation" name="Relation_19" directorySegmentName="seg_0" id="07450B3F-E661-B156-BC48-8F972EC0F959">
<createdBy>Lupi</createdBy>
<createdTime>2016-04-09 22:51:19 UTC</createdTime>
<ownerDesignName>EMASA</ownerDesignName>
<engineerTo>
<item key="52EEB0B5-4834-1F75-921A-55E0CFB30458" value="true"/>
</engineerTo>
<sourcePk>C6450DF3-7117-11C5-FB2F-38AEA39B06FD</sourcePk>
<identifying>false</identifying>
<nameOnSource>CREA</nameOnSource>
<optionalSource>true</optionalSource>
<optionalTarget>true</optionalTarget>
<sourceCardinality>1</sourceCardinality>
<sourceEntity>93DC5DFF-1EE7-451C-B52C-50AC39383D84</sourceEntity>
<targetCardinalityString>*</targetCardinalityString>
<targetEntity>71E780DF-17B0-1C3A-F56C-542F39B5A7C2</targetEntity>
<transferable>true</transferable>
<deleteRule>NO ACTION</deleteRule>
</Relation>