<?xml version = '1.0' encoding = 'UTF-8'?>
<Relation class="oracle.dbtools.crest.model.design.logical.Relation" name="Relation_13" directorySegmentName="seg_0" id="29069B5F-D38E-EC9C-0883-E35A18D5EDBC">
<createdBy>micha</createdBy>
<createdTime>2015-12-21 20:19:09 UTC</createdTime>
<ownerDesignName>EMASA</ownerDesignName>
<engineerTo>
<item key="52EEB0B5-4834-1F75-921A-55E0CFB30458" value="true"/>
</engineerTo>
<sourcePk>061FCF7D-3EDC-D7E9-6034-6AC987A3A4F5</sourcePk>
<identifying>false</identifying>
<nameOnSource>CREA</nameOnSource>
<optionalSource>true</optionalSource>
<optionalTarget>true</optionalTarget>
<sourceCardinality>1</sourceCardinality>
<sourceEntity>57461385-3A98-6FDB-AE61-DCDB6152B53C</sourceEntity>
<targetCardinalityString>*</targetCardinalityString>
<targetEntity>71E780DF-17B0-1C3A-F56C-542F39B5A7C2</targetEntity>
<transferable>true</transferable>
<deleteRule>NO ACTION</deleteRule>
</Relation>