<?xml version = '1.0' encoding = 'UTF-8'?>
<Relation class="oracle.dbtools.crest.model.design.logical.Relation" name="Relation_23" directorySegmentName="seg_0" id="4A8C3D47-61DC-DBFC-1433-2313D71B2A37">
<createdBy>Lupi</createdBy>
<createdTime>2016-04-06 17:09:07 UTC</createdTime>
<ownerDesignName>EMASA</ownerDesignName>
<engineerTo>
<item key="6E092A0B-F5FF-3874-F669-E864C922E497" value="true"/>
</engineerTo>
<sourcePk>A33647CD-8090-AFA8-FB66-51EE36EB27B9</sourcePk>
<identifying>true</identifying>
<nameOnSource>VARIAS</nameOnSource>
<optionalSource>true</optionalSource>
<optionalTarget>false</optionalTarget>
<sourceCardinality>1</sourceCardinality>
<sourceEntity>52F4DE0A-257B-33BF-BADB-728838CA159D</sourceEntity>
<targetCardinalityString>*</targetCardinalityString>
<targetEntity>779E4EE7-31FA-7EC0-0EE6-821B66D8613C</targetEntity>
<transferable>true</transferable>
<deleteRule>NO ACTION</deleteRule>
</Relation>