<?xml version = '1.0' encoding = 'UTF-8'?>
<Relation class="oracle.dbtools.crest.model.design.logical.Relation" name="Relation_18" directorySegmentName="seg_0" id="84BDCB55-90FE-B51F-2F07-F3C4798CDC00">
<createdBy>Lupi</createdBy>
<createdTime>2016-04-06 15:28:53 UTC</createdTime>
<ownerDesignName>EMASA</ownerDesignName>
<engineerTo>
<item key="6E092A0B-F5FF-3874-F669-E864C922E497" value="true"/>
</engineerTo>
<sourcePk>E1E28A2C-C0F7-B09D-9D3F-F4C943D9B4DC</sourcePk>
<identifying>true</identifying>
<optionalSource>true</optionalSource>
<optionalTarget>false</optionalTarget>
<sourceCardinality>1</sourceCardinality>
<sourceEntity>71E780DF-17B0-1C3A-F56C-542F39B5A7C2</sourceEntity>
<targetCardinalityString>*</targetCardinalityString>
<targetEntity>58644222-14DA-FAA9-0198-4C30723B9185</targetEntity>
<transferable>true</transferable>
<deleteRule>NO ACTION</deleteRule>
</Relation>