<?xml version = '1.0' encoding = 'UTF-8'?>
<Relation class="oracle.dbtools.crest.model.design.logical.Relation" name="Relation_25" directorySegmentName="seg_0" id="95E645A6-761C-4A6F-5896-315AECECD737">
<createdBy>Lupi</createdBy>
<createdTime>2016-04-11 13:27:20 UTC</createdTime>
<ownerDesignName>EMASA</ownerDesignName>
<engineerTo>
<item key="D1926CCE-1868-FE68-A6E8-30EBD0B42E07" value="true"/>
</engineerTo>
<sourcePk>C6450DF3-7117-11C5-FB2F-38AEA39B06FD</sourcePk>
<identifying>false</identifying>
<nameOnSource>OPERARIO</nameOnSource>
<optionalSource>true</optionalSource>
<optionalTarget>false</optionalTarget>
<sourceCardinality>1</sourceCardinality>
<sourceEntity>93DC5DFF-1EE7-451C-B52C-50AC39383D84</sourceEntity>
<targetCardinalityString>*</targetCardinalityString>
<targetEntity>BE3824CA-66B8-9276-D8B5-5C3AEF0035DC</targetEntity>
<transferable>true</transferable>
<deleteRule>NO ACTION</deleteRule>
</Relation>