<?xml version = '1.0' encoding = 'UTF-8'?>
<Relation class="oracle.dbtools.crest.model.design.logical.Relation" name="Relation_24" directorySegmentName="seg_0" id="B3156FC2-469D-D2DD-8A2D-3EF491E18A6D">
<createdBy>Lupi</createdBy>
<createdTime>2016-04-11 13:26:19 UTC</createdTime>
<ownerDesignName>EMASA</ownerDesignName>
<engineerTo>
<item key="D1926CCE-1868-FE68-A6E8-30EBD0B42E07" value="true"/>
</engineerTo>
<sourcePk>C6450DF3-7117-11C5-FB2F-38AEA39B06FD</sourcePk>
<identifying>false</identifying>
<nameOnSource>MODIFICA</nameOnSource>
<optionalSource>true</optionalSource>
<optionalTarget>false</optionalTarget>
<sourceCardinality>1</sourceCardinality>
<sourceEntity>93DC5DFF-1EE7-451C-B52C-50AC39383D84</sourceEntity>
<targetCardinalityString>*</targetCardinalityString>
<targetEntity>58644222-14DA-FAA9-0198-4C30723B9185</targetEntity>
<transferable>true</transferable>
<deleteRule>NO ACTION</deleteRule>
</Relation>