<?xml version = '1.0' encoding = 'UTF-8'?>
<Relation class="oracle.dbtools.crest.model.design.logical.Relation" name="Relation_17" directorySegmentName="seg_0" id="F1BF7266-C6D7-B519-5075-E3CA521F14C5">
<createdBy>Lupi</createdBy>
<createdTime>2016-04-11 12:01:48 UTC</createdTime>
<ownerDesignName>EMASA</ownerDesignName>
<engineerTo>
<item key="D1926CCE-1868-FE68-A6E8-30EBD0B42E07" value="true"/>
</engineerTo>
<sourcePk>B585956B-A87E-6317-3C05-F38D97405641</sourcePk>
<identifying>false</identifying>
<nameOnSource>SUPERV ASIGNA</nameOnSource>
<optionalSource>true</optionalSource>
<optionalTarget>false</optionalTarget>
<sourceCardinality>1</sourceCardinality>
<sourceEntity>58644222-14DA-FAA9-0198-4C30723B9185</sourceEntity>
<targetCardinalityString>*</targetCardinalityString>
<targetEntity>52F4DE0A-257B-33BF-BADB-728838CA159D</targetEntity>
<transferable>true</transferable>
<deleteRule>NO ACTION</deleteRule>
</Relation>