<?xml version = '1.0' encoding = 'UTF-8'?>
<Diagram class="oracle.dbtools.crest.swingui.relational.DPVRelational" name="emasa_relacional" id="0D9DC67A-4B17-B647-D5E8-C87270B7AC9D">
<createdBy>Lupi</createdBy>
<modifiedBy>Lupi</modifiedBy>
<createdTime>2016-04-12 15:58:25 UTC</createdTime>
<autoRoute>false</autoRoute>
<boxInbox>true</boxInbox>
<showLegend>false</showLegend>
<showLabels>false</showLabels>
<showRelAttributes>false</showRelAttributes>
<gridEnabled>false</gridEnabled>
<showGrid>false</showGrid>
<diagramColor>-1</diagramColor>
<display>false</display>
<notation>1</notation>
<objectViews>
<OView class="oracle.dbtools.crest.swingui.relational.TVTable" oid="08A2C1B0-8EA8-AFDE-F2C3-0840DFFEE8CA" otype="Table" vid="DD757C05-8FC3-B14C-5DA6-D91AA8C8C8D6">
<hideElementsInCurrentOnly>false</hideElementsInCurrentOnly>
<bounds x="1121" y="476" width="170" height="95"/>
</OView>
<OView class="oracle.dbtools.crest.swingui.relational.TVTable" oid="1430F744-92FF-46E8-1055-69A04F24D48C" otype="Table" vid="BA2494D9-81F6-9EDA-096C-8061ACBCD44D">
<hideElementsInCurrentOnly>false</hideElementsInCurrentOnly>
<bounds x="692" y="145" width="356" height="167"/>
</OView>
<OView class="oracle.dbtools.crest.swingui.relational.TVTable" oid="24726706-3D02-7BED-2EB7-76E93AAD6983" otype="Table" vid="1F6BA158-E837-B426-9F98-87C9A92EBA5C">
<hideElementsInCurrentOnly>false</hideElementsInCurrentOnly>
<bounds x="450" y="0" width="181" height="111"/>
</OView>
<OView class="oracle.dbtools.crest.swingui.relational.TVTable" oid="3F207CE6-2E0A-412F-2AF6-2107ED2D8402" otype="Table" vid="326CECAB-09FE-EA33-FEC7-D947F41FF740">
<hideElementsInCurrentOnly>false</hideElementsInCurrentOnly>
<bounds x="1109" y="84" width="230" height="235"/>
</OView>
<OView class="oracle.dbtools.crest.swingui.relational.TVTable" oid="7EB6836F-7EBE-B1FA-3B45-901324D1C34C" otype="Table" vid="87AA127B-CF23-A4EF-8247-D56AA880A845">
<hideElementsInCurrentOnly>false</hideElementsInCurrentOnly>
<bounds x="552" y="564" width="263" height="120"/>
</OView>
<OView class="oracle.dbtools.crest.swingui.relational.TVTable" oid="87C8E1F9-FEFF-925A-E477-9AE99D0A5258" otype="Table" vid="A1CE51E6-BDA8-5D69-282C-78847B41B7A6">
<hideElementsInCurrentOnly>false</hideElementsInCurrentOnly>
<bounds x="46" y="547" width="396" height="190"/>
</OView>
<OView class="oracle.dbtools.crest.swingui.relational.TVTable" oid="F01C70B8-1753-FEB1-F8A1-575A1A86EAB0" otype="Table" vid="3350C7EB-02AC-9876-4001-603BA9199EB5">
<hideElementsInCurrentOnly>false</hideElementsInCurrentOnly>
<bounds x="287" y="218" width="314" height="291"/>
</OView>
<OView class="oracle.dbtools.crest.swingui.relational.TVTable" oid="F723F223-9D97-10B2-D57F-E406DF5D46EE" otype="Table" vid="A14B2FD8-2DA1-D897-DA06-458947B77934">
<hideElementsInCurrentOnly>false</hideElementsInCurrentOnly>
<bounds x="56" y="9" width="213" height="178"/>
</OView>
</objectViews>
<connectors>
<Connector class="oracle.dbtools.crest.swingui.relational.TVFKRelation" oid="09649405-F10B-7610-F46B-1EB542665794" otype="FKIndexAssociation" vid_source="DD757C05-8FC3-B14C-5DA6-D91AA8C8C8D6" vid_target="326CECAB-09FE-EA33-FEC7-D947F41FF740">
<hideElementsInCurrentOnly>false</hideElementsInCurrentOnly>
<lineWidth>1</lineWidth>
<points>
<point x="1206" y="476"/>
<point x="1206" y="319"/>
</points>
</Connector>
<Connector class="oracle.dbtools.crest.swingui.relational.TVFKRelation" oid="280F5392-71A6-13B6-DA5B-EF592446728A" otype="FKIndexAssociation" vid_source="A1CE51E6-BDA8-5D69-282C-78847B41B7A6" vid_target="87AA127B-CF23-A4EF-8247-D56AA880A845">
<hideElementsInCurrentOnly>false</hideElementsInCurrentOnly>
<lineWidth>1</lineWidth>
<points>
<point x="442" y="624"/>
<point x="552" y="624"/>
</points>
</Connector>
<Connector class="oracle.dbtools.crest.swingui.relational.TVFKRelation" oid="4B36407C-B6FB-6F03-30B2-BBEFB7C9AD12" otype="FKIndexAssociation" vid_source="326CECAB-09FE-EA33-FEC7-D947F41FF740" vid_target="A14B2FD8-2DA1-D897-DA06-458947B77934">
<hideElementsInCurrentOnly>false</hideElementsInCurrentOnly>
<lineWidth>1</lineWidth>
<points>
<point x="1109" y="135"/>
<point x="269" y="135"/>
</points>
</Connector>
<Connector class="oracle.dbtools.crest.swingui.relational.TVFKRelation" oid="6A559EF0-6152-519E-BDBB-1D95ADFBCD21" otype="FKIndexAssociation" vid_source="3350C7EB-02AC-9876-4001-603BA9199EB5" vid_target="A1CE51E6-BDA8-5D69-282C-78847B41B7A6">
<hideElementsInCurrentOnly>false</hideElementsInCurrentOnly>
<lineWidth>1</lineWidth>
<points>
<point x="287" y="340"/>
<point x="160" y="340"/>
<point x="160" y="547"/>
</points>
</Connector>
<Connector class="oracle.dbtools.crest.swingui.relational.TVFKRelation" oid="6D7CF800-5891-3694-D368-2D3485AD052A" otype="FKIndexAssociation" vid_source="3350C7EB-02AC-9876-4001-603BA9199EB5" vid_target="BA2494D9-81F6-9EDA-096C-8061ACBCD44D">
<hideElementsInCurrentOnly>false</hideElementsInCurrentOnly>
<lineWidth>1</lineWidth>
<points>
<point x="530" y="218"/>
<point x="530" y="180"/>
<point x="692" y="180"/>
</points>
</Connector>
<Connector class="oracle.dbtools.crest.swingui.relational.TVFKRelation" oid="801E6311-A27C-7A4E-016B-489051BCC8E5" otype="FKIndexAssociation" vid_source="326CECAB-09FE-EA33-FEC7-D947F41FF740" vid_target="3350C7EB-02AC-9876-4001-603BA9199EB5">
<hideElementsInCurrentOnly>false</hideElementsInCurrentOnly>
<lineWidth>1</lineWidth>
<points>
<point x="1141" y="319"/>
<point x="1141" y="359"/>
<point x="601" y="359"/>
</points>
</Connector>
<Connector class="oracle.dbtools.crest.swingui.relational.TVFKRelation" oid="A65380C5-A7EB-4561-507C-DDD543815E60" otype="FKIndexAssociation" vid_source="A14B2FD8-2DA1-D897-DA06-458947B77934" vid_target="3350C7EB-02AC-9876-4001-603BA9199EB5">
<hideElementsInCurrentOnly>false</hideElementsInCurrentOnly>
<lineWidth>1</lineWidth>
<points>
<point x="130" y="187"/>
<point x="130" y="280"/>
<point x="287" y="280"/>
</points>
</Connector>
<Connector class="oracle.dbtools.crest.swingui.relational.TVFKRelation" oid="E829B7FB-42E9-D81F-B0A4-CEBBFBEA9C54" otype="FKIndexAssociation" vid_source="A14B2FD8-2DA1-D897-DA06-458947B77934" vid_target="A14B2FD8-2DA1-D897-DA06-458947B77934">
<hideElementsInCurrentOnly>false</hideElementsInCurrentOnly>
<lineWidth>1</lineWidth>
<points>
<point x="56" y="39"/>
<point x="26" y="39"/>
<point x="26" y="230"/>
<point x="107" y="230"/>
<point x="107" y="187"/>
</points>
</Connector>
<Connector class="oracle.dbtools.crest.swingui.relational.TVFKRelation" oid="ED342399-F1C1-44BF-239B-E93E2DC809BD" otype="FKIndexAssociation" vid_source="326CECAB-09FE-EA33-FEC7-D947F41FF740" vid_target="BA2494D9-81F6-9EDA-096C-8061ACBCD44D">
<hideElementsInCurrentOnly>false</hideElementsInCurrentOnly>
<lineWidth>1</lineWidth>
<points>
<point x="1109" y="228"/>
<point x="1048" y="228"/>
</points>
</Connector>
<Connector class="oracle.dbtools.crest.swingui.relational.TVFKRelation" oid="FC1451EF-8C00-4F69-FC1D-FC0F786CE91D" otype="FKIndexAssociation" vid_source="1F6BA158-E837-B426-9F98-87C9A92EBA5C" vid_target="A14B2FD8-2DA1-D897-DA06-458947B77934">
<hideElementsInCurrentOnly>false</hideElementsInCurrentOnly>
<lineWidth>1</lineWidth>
<points>
<point x="450" y="49"/>
<point x="360" y="49"/>
<point x="269" y="49"/>
</points>
</Connector>
</connectors>
</Diagram>