<?xml version = '1.0' encoding = 'UTF-8'?>
<FKIndexAssociation class="oracle.dbtools.crest.model.design.relational.FKIndexAssociation" directorySegmentName="seg_0" id="280F5392-71A6-13B6-DA5B-EF592446728A" containerWithKeyObject="7EB6836F-7EBE-B1FA-3B45-901324D1C34C" localFKIndex="E0D828B5-4A16-456B-EA30-6369F785795B" name="ACTUACIONES_ORD_TRABAJO_FK">
<createdBy>Lupi</createdBy>
<createdTime>2016-04-12 15:58:51 UTC</createdTime>
<generatorID>4A8C3D47-61DC-DBFC-1433-2313D71B2A37</generatorID>
<ownerDesignName>EMASA</ownerDesignName>
<deleteRule>NO ACTION</deleteRule>
<referredTableID>87C8E1F9-FEFF-925A-E477-9AE99D0A5258</referredTableID>
<keyObject>A043C9EB-4D3D-0789-2815-65EE376A2FA1</keyObject>
<referredKeyID>A043C9EB-4D3D-0789-2815-65EE376A2FA1</referredKeyID>
<mandatory>true</mandatory>
<transferable>true</transferable>
<rely>false</rely>
<columnDependencyConstraintGenerateInDDL>true</columnDependencyConstraintGenerateInDDL>
</FKIndexAssociation>