<?xml version = '1.0' encoding = 'UTF-8'?>
<FKIndexAssociation class="oracle.dbtools.crest.model.design.relational.FKIndexAssociation" directorySegmentName="seg_0" id="4B36407C-B6FB-6F03-30B2-BBEFB7C9AD12" containerWithKeyObject="F723F223-9D97-10B2-D57F-E406DF5D46EE" localFKIndex="176962F1-2777-ACEC-BC8F-7090569C181A" name="AVISO_EMPLEADO_FK">
<createdBy>Lupi</createdBy>
<createdTime>2016-04-12 15:58:51 UTC</createdTime>
<generatorID>07450B3F-E661-B156-BC48-8F972EC0F959</generatorID>
<ownerDesignName>EMASA</ownerDesignName>
<deleteRule>NO ACTION</deleteRule>
<referredTableID>3F207CE6-2E0A-412F-2AF6-2107ED2D8402</referredTableID>
<keyObject>3A1B31A4-7342-26C7-25C9-B520F4AD5501</keyObject>
<referredKeyID>3A1B31A4-7342-26C7-25C9-B520F4AD5501</referredKeyID>
<mandatory>false</mandatory>
<transferable>true</transferable>
<rely>false</rely>
<columnDependencyConstraintGenerateInDDL>true</columnDependencyConstraintGenerateInDDL>
</FKIndexAssociation>