<?xml version = '1.0' encoding = 'UTF-8'?>
<FKIndexAssociation class="oracle.dbtools.crest.model.design.relational.FKIndexAssociation" directorySegmentName="seg_0" id="6A559EF0-6152-519E-BDBB-1D95ADFBCD21" containerWithKeyObject="87C8E1F9-FEFF-925A-E477-9AE99D0A5258" localFKIndex="EDB59679-0EF4-6A2D-3248-42309C7941DA" name="ORD_TRABAJO_HISTORICO_FK">
<createdBy>Lupi</createdBy>
<createdTime>2016-04-12 15:58:51 UTC</createdTime>
<generatorID>F1BF7266-C6D7-B519-5075-E3CA521F14C5</generatorID>
<ownerDesignName>EMASA</ownerDesignName>
<deleteRule>NO ACTION</deleteRule>
<referredTableID>F01C70B8-1753-FEB1-F8A1-575A1A86EAB0</referredTableID>
<keyObject>5D6ECB1E-694F-5258-D00E-F8C5CCEACACA</keyObject>
<referredKeyID>5D6ECB1E-694F-5258-D00E-F8C5CCEACACA</referredKeyID>
<mandatory>true</mandatory>
<transferable>true</transferable>
<rely>false</rely>
<columnDependencyConstraintGenerateInDDL>true</columnDependencyConstraintGenerateInDDL>
</FKIndexAssociation>