<?xml version = '1.0' encoding = 'UTF-8'?>
<FKIndexAssociation class="oracle.dbtools.crest.model.design.relational.FKIndexAssociation" directorySegmentName="seg_0" id="6D7CF800-5891-3694-D368-2D3485AD052A" containerWithKeyObject="1430F744-92FF-46E8-1055-69A04F24D48C" localFKIndex="2E9AD067-1999-EFFD-0A7E-46BBA274FA5F" name="VISITAS_HISTORICO_FK">
<createdBy>Lupi</createdBy>
<createdTime>2016-04-12 15:58:51 UTC</createdTime>
<generatorID>5460D170-2DEC-25E2-B560-48EC4BA6FABE</generatorID>
<ownerDesignName>EMASA</ownerDesignName>
<deleteRule>NO ACTION</deleteRule>
<referredTableID>F01C70B8-1753-FEB1-F8A1-575A1A86EAB0</referredTableID>
<keyObject>5D6ECB1E-694F-5258-D00E-F8C5CCEACACA</keyObject>
<referredKeyID>5D6ECB1E-694F-5258-D00E-F8C5CCEACACA</referredKeyID>
<mandatory>true</mandatory>
<transferable>true</transferable>
<rely>false</rely>
<columnDependencyConstraintGenerateInDDL>true</columnDependencyConstraintGenerateInDDL>
</FKIndexAssociation>