<?xml version = '1.0' encoding = 'UTF-8'?>
<FKIndexAssociation class="oracle.dbtools.crest.model.design.relational.FKIndexAssociation" directorySegmentName="seg_0" id="A65380C5-A7EB-4561-507C-DDD543815E60" containerWithKeyObject="F01C70B8-1753-FEB1-F8A1-575A1A86EAB0" localFKIndex="E106383A-436C-CCD2-6158-36E773C2B9C4" name="HISTORICO_AVISO_FK">
<createdBy>Lupi</createdBy>
<createdTime>2016-04-12 15:58:51 UTC</createdTime>
<generatorID>84BDCB55-90FE-B51F-2F07-F3C4798CDC00</generatorID>
<ownerDesignName>EMASA</ownerDesignName>
<deleteRule>NO ACTION</deleteRule>
<referredTableID>F723F223-9D97-10B2-D57F-E406DF5D46EE</referredTableID>
<keyObject>B2728309-FF70-6CCE-BEA0-5F7110240A39</keyObject>
<referredKeyID>B2728309-FF70-6CCE-BEA0-5F7110240A39</referredKeyID>
<mandatory>true</mandatory>
<transferable>true</transferable>
<rely>false</rely>
<columnDependencyConstraintGenerateInDDL>true</columnDependencyConstraintGenerateInDDL>
</FKIndexAssociation>