<?xml version = '1.0' encoding = 'UTF-8'?>
<FKIndexAssociation class="oracle.dbtools.crest.model.design.relational.FKIndexAssociation" directorySegmentName="seg_0" id="E829B7FB-42E9-D81F-B0A4-CEBBFBEA9C54" containerWithKeyObject="F723F223-9D97-10B2-D57F-E406DF5D46EE" localFKIndex="09BDB05A-29DC-5364-EDAC-29EE07B7AA76" name="AVISO_AVISO_FK">
<createdBy>Lupi</createdBy>
<createdTime>2016-04-12 15:58:51 UTC</createdTime>
<generatorID>AEC37E20-441E-D3C9-3F57-9C2A2DD96124</generatorID>
<ownerDesignName>EMASA</ownerDesignName>
<deleteRule>NO ACTION</deleteRule>
<referredTableID>F723F223-9D97-10B2-D57F-E406DF5D46EE</referredTableID>
<keyObject>B2728309-FF70-6CCE-BEA0-5F7110240A39</keyObject>
<referredKeyID>B2728309-FF70-6CCE-BEA0-5F7110240A39</referredKeyID>
<mandatory>false</mandatory>
<transferable>true</transferable>
<rely>false</rely>
<columnDependencyConstraintGenerateInDDL>true</columnDependencyConstraintGenerateInDDL>
</FKIndexAssociation>