<?xml version = '1.0' encoding = 'UTF-8'?>
<FKIndexAssociation class="oracle.dbtools.crest.model.design.relational.FKIndexAssociation" directorySegmentName="seg_0" id="FC1451EF-8C00-4F69-FC1D-FC0F786CE91D" containerWithKeyObject="F723F223-9D97-10B2-D57F-E406DF5D46EE" localFKIndex="6B5D2253-1AE7-AFDF-5D48-F66EAAF6AEE9" name="AVISO_CLIENTE_FK">
<createdBy>Lupi</createdBy>
<createdTime>2016-04-12 15:58:51 UTC</createdTime>
<generatorID>29069B5F-D38E-EC9C-0883-E35A18D5EDBC</generatorID>
<ownerDesignName>EMASA</ownerDesignName>
<deleteRule>NO ACTION</deleteRule>
<referredTableID>24726706-3D02-7BED-2EB7-76E93AAD6983</referredTableID>
<keyObject>90D177CF-C9E1-7042-1A1F-4BBD29FE4C58</keyObject>
<referredKeyID>90D177CF-C9E1-7042-1A1F-4BBD29FE4C58</referredKeyID>
<mandatory>false</mandatory>
<transferable>true</transferable>
<rely>false</rely>
<columnDependencyConstraintGenerateInDDL>true</columnDependencyConstraintGenerateInDDL>
</FKIndexAssociation>